Taxpayer Number,Taxpayer Name,Taxpayer Address,Taxpayer City,Taxpayer State,Taxpayer Zip Code,Taxpayer County,Outlet Number,Location Name,Location Address,Location City,Location State,Location Zip Code,Location County,Location Room Capacity,Location Tot Room Receipts,Location Taxable Receipts
32016602719,BHAKTA DAYARAM,2627 MANOR RD,AUSTIN,TX,78722,227,00001,ACE MOTEL,2627 MANOR RD,AUSTIN,TX,78722,227,27,15010.0,11675.0
32016658448,SIDNEY CORINNE LOCK,4300 AVENUE G,AUSTIN,TX,78751,227,00005,ADAMS HOUSE BED & BREAKFAST,4300 AVENUE G,AUSTIN,TX,78751,227,3,14623.0,14484.0
32043492993,AMANDA K CRIBBS,4202 FLAGSTAFF DR,AUSTIN,TX,78759,227,00007,ALLANDALE RENTALS,1107A BRENTWOOD ST,AUSTIN,TX,78757,227,2,0.0,0.0
32043492993,AMANDA K CRIBBS,4202 FLAGSTAFF DR,AUSTIN,TX,78759,227,00009,ALLANDALE RENTALS,11900 ALOE VERA TRL,AUSTIN,TX,78750,246,8,1219.0,1219.0
32043492993,AMANDA K CRIBBS,4202 FLAGSTAFF DR,AUSTIN,TX,78759,227,00010,ALLANDALE RENTALS DUPLEX,2200 LANIER DR # B,AUSTIN,TX,78757,227,1,2179.0,0.0
32043492993,AMANDA K CRIBBS,4202 FLAGSTAFF DR,AUSTIN,TX,78759,227,00008,ALLANDALE RENTALS/DUPLEX,2200 LANIER DR # A,AUSTIN,TX,78757,227,4,2250.0,0.0
32043492993,AMANDA K CRIBBS,4202 FLAGSTAFF DR,AUSTIN,TX,78759,227,00004,ALLENDALE RENTALS,2105 LANIER DR,AUSTIN,TX,78757,227,1,3785.0,0.0
32043492993,AMANDA K CRIBBS,4202 FLAGSTAFF DR,AUSTIN,TX,78759,227,00006,ALLENDALE RENTALS,5010 PLACID PL,AUSTIN,TX,78731,227,1,1171.0,1171.0
32024286760,"ALTEMATE REAL ESTATE, LLC",1318 URSULINES AVE,NEW ORLEANS,LA,70116,000,00008,ALTEMATE REAL ESTATE LLC,76 SAN MARCOS ST,AUSTIN,TX,78702,227,1,500.0,500.0
32043492993,AMANDA K CRIBBS,4202 FLAGSTAFF DR,AUSTIN,TX,78759,227,00002,AMANDA K CRIBBS,1906 BELFORD DR,AUSTIN,TX,78757,227,1,3039.0,3039.0
32049296356,"AMCO HOTEL & SUITES, INC.",2700 S INTERSTATE 35 STE 100,AUSTIN,TX,78704,227,00001,AMCO HOTEL & SUITES,2700 S INTERSTATE 35,AUSTIN,TX,78704,227,24,42146.0,38996.0
17427099472,AMIN DEVELOPMENT CORPORATION,909 E KOENIG LN,AUSTIN,TX,78751,227,00003,AMERICAS BEST VALUE INN,909 E KOENIG LN,AUSTIN,TX,78751,227,88,117899.57,106739.0
14320123657,"HPT TRS SPES II, INC.",830 CITY AVE,MOORE,OK,73160,000,00004,AMERISUITES - AF,7522 NORTH IH-35,AUSTIN,TX,78752,227,122,383536.69,366059.02
32048209129,ANTHONY BELL,9550 SAVANNAH RIDGE DR UNIT 33,AUSTIN,TX,78726,227,00001,ANTHONY T BELL,13010 WATER LN,AUSTIN,TX,78732,227,6,14802.0,14802.0
32043490237,VACATIONCAKE LLC,1709 BLUEBONNET LN,AUSTIN,TX,78704,227,00038,ATOMIC RANCH,5010 GLADEVIEW DR,AUSTIN,TX,78745,227,1,2600.0,0.0
32049981734,"AUSBW MANAGEMENT, INC.",122 MUSKET DR,BASTROP,TX,78602,011,00001,"AUSBW MANAGEMENT, INC.",7601 E BEN WHITE BLVD,AUSTIN,TX,78741,227,8,231154.74,215708.5
32033466411,"AUSTIN HOTEL ASSOCIATES, LLC",8100 E 22ND ST N BLDG 500,WICHITA,KS,67226,000,00001,AUSTIN ALOFT,11601 DOMAIN DR,AUSTIN,TX,78758,227,140,565381.88,560987.69
32017937718,"AUSTIN AT BEE CAVES REALTY, CORP.",1104 LIPAN TRL,AUSTIN,TX,78733,227,00010,AUSTIN AT BEE CAVES REALTY,17127 ROCKY RIDGE RD,AUSTIN,TX,78734,227,1,5410.0,5410.0
32017937718,"AUSTIN AT BEE CAVES REALTY, CORP.",1104 LIPAN TRL,AUSTIN,TX,78733,227,00038,AUSTIN AT BEE CAVES REALTY,3335 FAR VIEW DR,AUSTIN,TX,78730,227,1,3750.0,3750.0
12039797241,"AUSTIN BED AND BREAKFASTS, LP",611 W 22ND ST,AUSTIN,TX,78705,227,00003,AUSTIN BED AND BREAKFAST,2109 RIO GRANDE ST,AUSTIN,TX,78705,227,9,11260.43,11050.43
12035207484,ASHFORD TRS POOL II LLC,14185 DALLAS PKWY STE 1150,DALLAS,TX,75254,057,00003,AUSTIN EMBASSY SUITES,9505 STONELAKE BLVD,AUSTIN,TX,78759,227,150,592031.0,561030.95
12039797241,"AUSTIN BED AND BREAKFASTS, LP",611 W 22ND ST,AUSTIN,TX,78705,227,00002,AUSTIN FOLK HOUSE,506 W 22ND ST,AUSTIN,TX,78705,227,9,17551.63,16986.63
17425190786,"AUSTIN HILLS ON LAKE TRAVIS, INC.",900 RANCH ROAD 620 S STE C101,LAKEWAY,TX,78734,227,00002,AUSTIN HILLS ON LAKE TRAVIS INC,1003 RANCH RD 620 SO,AUSTIN,TX,78734,227,35,4997.36,2797.95
17430027841,"AUSTIN CONVENTION ENTERPRISES, INC.",500 E 4TH ST,AUSTIN,TX,78701,227,00002,AUSTIN HILTON CONVENTION HOTEL,500 E 4TH ST,AUSTIN,TX,78701,227,800,3892471.33,3662043.63
12082364162,"NHC-TX102, LLC",6991 E CAMELBACK RD STE B310,SCOTTSDALE,AZ,85251,000,00001,AUSTIN LONE STAR RV RESORT,7009 S INTERSTATE 35,AUSTIN,TX,78744,227,11,7156.5,7156.5
17525096347,"J P HOBBS, INC.",PO BOX 10897,AUSTIN,TX,78766,227,00004,AUSTIN LUXURY SUITE,8803 TALLWOOD DR,AUSTIN,TX,78759,227,1,0.0,0.0
12016274339,ESA P PORTFOLIO OPERATING LESSEE LLC,PO BOX 49550,CHARLOTTE,NC,28277,000,00026,AUSTIN METRO TX-STUDIO PLUS PROPERTIES # 6081,6300 E HIGHWAY 290,AUSTIN,TX,78723,227,86,122972.09,63162.5
32047107167,"SAFE JOURNEYS, LLC",PO BOX 40129,AUSTIN,TX,78704,227,00001,AUSTIN MOTEL,1220 S CONGRESS AVE,AUSTIN,TX,78704,227,41,153474.5,151095.38
17606186454,AUSTIN JN INVESTMENTS LIMITED PARTNERSHIP,5855 SOVEREIGN DR STE A,HOUSTON,TX,77036,101,00001,AUSTIN MOTOR INN,11400 N IH 35,AUSTIN,TX,78753,227,25,48532.33,37623.0
32046041649,OM NAMA GANESHAYA CORPORATION,1505 BIG BEND DR,CEDAR PARK,TX,78613,246,00001,AUSTIN SUITES HOTEL,8300 N INTERSTATE 35,AUSTIN,TX,78753,227,214,89909.67,7756.28
32010710666,SUNIL ARVINDBHAI NAIK,601 MIDDLE LN,AUSTIN,TX,78753,227,00002,AUSTIN VILLAGE MOTOR INN,601 MIDDLE LN,AUSTIN,TX,78753,227,33,33715.1,17114.83
12016274339,ESA P PORTFOLIO OPERATING LESSEE LLC,PO BOX 49550,CHARLOTTE,NC,28277,000,00034,AUSTIN-NORTHWEST TX-EXTENDED STAY AMERICA #6195,13858 N US HIGHWAY 183,AUSTIN,TX,78750,227,86,135949.38,79398.17
12016274339,ESA P PORTFOLIO OPERATING LESSEE LLC,PO BOX 49550,CHARLOTTE,NC,28277,000,00035,AUSTIN-ROUND ROCK TX-EXTENDED STAY AMERICA # 6197,16950 N IH 35,AUSTIN,TX,78728,227,86,124747.26,78621.17
12016274339,ESA P PORTFOLIO OPERATING LESSEE LLC,PO BOX 49550,CHARLOTTE,NC,28277,000,00032,AUSTIN-SOUTHWEST TX-EXTENDED STAY AMERICA # 6178,5100 W HIGHWAY 290,AUSTIN,TX,78735,227,86,226217.48,101927.17
12016274339,ESA P PORTFOLIO OPERATING LESSEE LLC,PO BOX 49550,CHARLOTTE,NC,28277,000,00021,AUSTIN-TOWN LAKE TX EXTENDED STAY AMERICA # 6060,600 GUADALUPE ST,AUSTIN,TX,78701,227,86,272787.48,230893.5
12016274339,ESA P PORTFOLIO OPERATING LESSEE LLC,PO BOX 49550,CHARLOTTE,NC,28277,000,00018,AUSTIN-WEST TX-CROSSLAND ECONOMY STUDIOS #6028,12621 HYMEADOW DR,AUSTIN,TX,78729,246,86,150154.98,64796.17
32043490237,VACATIONCAKE LLC,1709 BLUEBONNET LN,AUSTIN,TX,78704,227,00051,AUSTINITE UNIT A,2906A WESTHILL DR,AUSTIN,TX,78704,227,1,2230.0,0.0
32043490237,VACATIONCAKE LLC,1709 BLUEBONNET LN,AUSTIN,TX,78704,227,00036,AVENUE D-LIGHT,4415 AVENUE D,AUSTIN,TX,78751,227,1,0.0,0.0
32042724255,COLETTE Y ZYGMONT,711 GARNER AVE,AUSTIN,TX,78704,227,00001,AWESOME LITTLE PALACE,705 GARNER AVE,AUSTIN,TX,78704,227,1,12575.0,12575.0
32043490237,VACATIONCAKE LLC,1709 BLUEBONNET LN,AUSTIN,TX,78704,227,00035,BARTON VIEW UNIT A,2006 WESTRIDGE DR # A,AUSTIN,TX,78704,227,1,3972.0,2235.0
32043490237,VACATIONCAKE LLC,1709 BLUEBONNET LN,AUSTIN,TX,78704,227,00034,BARTON VIEW UNIT B,2006B WESTRIDGE DR,AUSTIN,TX,78704,227,1,5240.22,3115.22
32051457763,"OM NAMA MAHA LAXMI, LLC",1306 PASA TIEMPO,LEANDER,TX,78641,227,00001,BAYMONT INN & SUITES,7100 N INTERSTATE 35,AUSTIN,TX,78752,227,115,168625.68,132430.81
12040439692,LQ MANAGEMENT L.L.C.,909 HIDDEN RDG STE 600,IRVING,TX,75038,057,00030,BAYMONT INN #514,7100 I-35 NORTH,AUSTIN,TX,78752,227,115,0.0,0.0
16805444664,ATRIUM HOTEL LP,PO BOX 771207,HOUSTON,TX,77215,101,00001,BEST WESTERN ATRIUM NORTH,7928 GESSNER DR,AUSTIN,TX,78753,227,122,85081.37,82256.67
32039165132,"WATERLOO HOSPITALITY, LLC",PO BOX 737,MANOR,TX,78653,227,00001,BEST WESTERN PLUS AUSTIN AIRPORT,1805 AIRPORT COMMERCE DR,AUSTIN,TX,78741,227,75,136180.45,110958.62
17426639831,"LOTUS HOTELS, INC.",2200 S INTERSTATE 35,AUSTIN,TX,78704,227,00001,BEST WESTERN PLUS AUSTIN CITY HOTEL,2200 S I H 35,AUSTIN,TX,78704,227,156,386256.82,373709.42
32025739882,LMR LLC,4323 S INTERSTATE 35,AUSTIN,TX,78744,227,00001,BEST WESTERN SEVILLE PLAZA INN,4323 S I H 35,AUSTIN,TX,78744,227,94,118926.24,111358.75
32039476448,RASMUSSEN JOEL & DANI LIVING TRUST,PO BOX 3089 C/O HOTSPOT TAX SERVICES,GREENWOOD VLG,CO,80155,000,00005,BLUE DOOR,1101A REAGAN TER,AUSTIN,TX,78704,227,1,2708.0,2708.0
32015197018,ROBIN K KYLE,1108 BLANCO ST,AUSTIN,TX,78703,227,00001,BRAVA HOUSE,1108 BLANCO ST,AUSTIN,TX,78703,227,5,20220.0,19388.0
32052153940,EMERSON GUEST PROPERTIES LLC,707 JOSEPHINE ST,AUSTIN,TX,78704,227,00025,BRENTWOOD BUGALOW,5501 WOODROW AVE,AUSTIN,TX,78756,227,3,3103.95,3103.95
17606978322,MAHALLY LIMITED PARTNERSHIP,5855 SOVEREIGN DR STE A,HOUSTON,TX,77036,101,00001,BUDGET INN,9106 I-35 NORTH,AUSTIN,TX,78753,227,90,107160.11,76763.86
18707315554,"9920 NIH35, LLC",1538 E MAIN ST,EL CAJON,CA,92021,000,00001,BUDGET MOTEL OF AUSTIN,9220 N I H 35,AUSTIN,TX,78753,227,50,84491.44,23286.0
32052324517,JASON MARTIN,2028 E BEN WHITE BLVD STE 240,AUSTIN,TX,78741,227,00004,BURTON 109,2124 BURTON DR APT 109,AUSTIN,TX,78741,227,3,2740.67,2740.67
12021319483,"HPT TRS IHG-2, INC.",11580 GREAT OAKS WAY,ALPHARETTA,GA,30022,000,00008,CANDLEWOOD STES AUSTIN SOUTH,4320 S INTERSTATE 35,AUSTIN,TX,78745,227,122,258403.95,163730.26
12021319483,"HPT TRS IHG-2, INC.",11580 GREAT OAKS WAY,ALPHARETTA,GA,30022,000,00021,CANDLEWOOD SUITES AUSTIN ARBORETUM NW,9701 STONELAKE BLVD,AUSTIN,TX,78759,227,125,291807.3,178349.39
12034590369,"RESORT RENTAL, LLC",22 SYLVAN WAY C/O WYNDHAM WORLDWIDE,PARSIPPANY,NJ,07054,000,00073,CANDLEWOOD SUITES AUSTIN SOUTH,4320 S INTERSTATE 35,AUSTIN,TX,78745,227,1,0.0,0.0
32043331167,"OLD WEST 19TH, LTD.",1305 W 22ND ST,AUSTIN,TX,78705,227,00002,CARRIAGE HOUSE,1900 DAVID ST # B,AUSTIN,TX,78705,227,3,1350.0,1350.0
32006623618,TRESSIE DAMRON,PO BOX 162805,AUSTIN,TX,78716,227,00002,CARRIAGE HOUSE INN,1110 W 22ND 1/2 ST,AUSTIN,TX,78705,227,5,1140.0,1140.0
32043331167,"OLD WEST 19TH, LTD.",1305 W 22ND ST,AUSTIN,TX,78705,227,00001,CARRINGTON HOUSE,1900 DAVID ST # A,AUSTIN,TX,78705,227,5,6600.0,6600.0
32052153940,EMERSON GUEST PROPERTIES LLC,707 JOSEPHINE ST,AUSTIN,TX,78704,227,00018,CASA DE MIGUEL,2300 S 2ND ST,AUSTIN,TX,78704,227,3,5070.13,5070.13
32043490237,VACATIONCAKE LLC,1709 BLUEBONNET LN,AUSTIN,TX,78704,227,00018,CASITA DEL SOL,2304 S 2ND ST,AUSTIN,TX,78704,227,1,2755.0,0.0
32035153900,"TEXAS VILLAGE AUSTIN, LTD.",3017 S INTERSTATE 35,AUSTIN,TX,78741,227,00001,CASULO HOTEL,3017 N INTERSTATE 35,AUSTIN,TX,78722,227,49,134392.24,134026.68
17429895836,CHRISTOPHER ALAN WOODS,PO BOX 93158 C/O JW PROPERTIES,AUSTIN,TX,78709,105,00003,CHRISTOPHER ALAN WOODS,17131 ROCKY RIDGE RD,AUSTIN,TX,78734,227,1,13500.0,13500.0
32042202807,CINDY HILL,PO BOX 3089 C/O HOTSPOT TAX SRVC,GREENWOOD VLG,CO,80155,000,00001,CINDY HILL,4611 RAMSEY AVE,AUSTIN,TX,78756,227,1,11440.0,9640.0
32042202807,CINDY HILL,PO BOX 3089 C/O HOTSPOT TAX SRVC,GREENWOOD VLG,CO,80155,000,00002,CINDY HILL,5911 WOODROW AVE,AUSTIN,TX,78757,227,1,1500.0,1500.0
12606116205,CJUF II STRATUS BLOCK 21 LLC,200 LAVACA ST,AUSTIN,TX,78701,227,00002,CJUF II STRATUS BLOCK 21 LLC,200 LAVACA ST,AUSTIN,TX,78701,227,251,1823744.0,1784487.58
12004877945,"BERNHARDT PROPERTIES I, LTD.",3939 BEE CAVES RD STE C100,W LAKE HILLS,TX,78746,227,00007,CLARKSVILLE,1710 W 10TH ST,AUSTIN,TX,78703,227,1,685.0,685.0
32052153940,EMERSON GUEST PROPERTIES LLC,707 JOSEPHINE ST,AUSTIN,TX,78704,227,00026,CLARKSVILLE COTTAGE,1729 W 10TH ST,AUSTIN,TX,78703,227,1,3343.04,3343.04
17426642678,ISHVER N PATEL ET AL,4702 S CONGRESS AVE,AUSTIN,TX,78745,227,00001,CLASSIC INN,4700 S CONGRESS,AUSTIN,TX,78706,227,24,11495.65,11495.65
12010309933,"JAI VAIBHAVLAXMI, INC.",PO BOX 29,BURLINGTON,IA,52601,000,00001,COMFORT INN,700 DELMAR AVE,AUSTIN,TX,78752,227,73,113628.34,108225.84
16806621211,"VIRAJ HOSPITALITY, LLC",7501 E BEN WHITE BLVD,AUSTIN,TX,78741,227,00001,COMFORT SUITES,7501 E BEN WHITE BLVD,AUSTIN,TX,78741,227,84,168065.0,157250.0
32039446839,"ANAND & ALISHA, L.P.",13681 N HIGHWAY 183,AUSTIN,TX,78750,246,00001,COMFORT SUITES,13681 N HIGHWAY 183,AUSTIN,TX,78750,246,65,137967.83,133627.2
32025873558,"EAST COAST HOSPITALITY, INC.",1701 E SAINT ELMO RD,AUSTIN,TX,78744,227,00001,COMFORT SUITES SOUTH,1701 E SAINT ELMO RD,AUSTIN,TX,78744,227,50,84555.18,82714.78
15622566733,"COMPASS ONE, LLC",2400 YORKMONT RD C/O CAROLYN SADLER,CHARLOTTE,NC,28217,000,00190,"COMPASS ONE, LLC",1900 UNIVERSITY AVE,AUSTIN,TX,78705,227,297,1124349.0,1052854.83
32042022155,COUBARIS INC,1001 E RIVERSIDE DR,AUSTIN,TX,78704,227,00001,COUBARIS INC,1001 E RIVERSIDE DR,AUSTIN,TX,78704,227,2,7540.5,7540.5
32051100058,K K BROTHER HOSPITALITY LLC,2915 S INTERSTATE 35,AUSTIN,TX,78741,227,00001,COUNTRY GARDEN INN AND SUITE,2915 S INTERSTATE 35,AUSTIN,TX,78741,227,52,63525.0,62130.0
32053861814,"KARVINS HOTELS, INC.",5210 E TULARE AVE,FRESNO,CA,93727,000,00001,"COUNTRY INN & SUITES,AUSTIN",7400 N INTERSTATE 35,AUSTIN,TX,78752,227,75,152922.18,148049.22
12048571157,"RLJ II - C AUSTIN DT LESSEE, LP",701 E 83RD AVE,MERRILLVILLE,IN,46410,000,00001,COURTYARD AUSTIN DOWNTOWN,300 E 4TH ST,AUSTIN,TX,78701,227,270,1132410.4,1032719.48
32042629405,"APPLE NINE HOSPITALITY TEXAS SERVICES III, INC.",701 E 83RD AVE,MERRILLVILLE,IN,46410,000,00001,COURTYARD AUSTIN NORTH,12330 N INTERSTATE 35,AUSTIN,TX,78753,227,145,424459.68,404369.01
32053100627,"WPS CY AUSTIN, LLC",1575 WELTON ST STE 300,DENVER,CO,80202,000,00002,COURTYARD AUSTIN UNVERSITY AREA,5660 N INTERSTATE 35,AUSTIN,TX,78751,227,198,457478.0,396790.22
12047854315,"RLJ II - C AUSTIN S LESSEE, LP",701 E 83RD AVE,MERRILLVILLE,IN,46410,000,00001,COURTYARD BY MARRIOTT - AUSTIN SOUTH,4533 S IH 35,AUSTIN,TX,78744,227,110,355291.93,346061.81
12047857359,"RLJ II - C AUSTIN NW LESSEE, LP",701 E 83RD AVE,MERRILLVILLE,IN,46410,000,00001,COURTYARD BY MARRIOTT AUSTIN NORTHWEST,9409 STONELAKE BLVD,AUSTIN,TX,78759,227,78,275922.07,261724.16
12048571991,"RLJ II - C AUSTIN AIR LESSEE, LP",701 E 83RD AVE,MERRILLVILLE,IN,46410,000,00002,COURTYARD BY MARRIOTT AUSTIN SOUTH AIRPORT,7809 E BEN WHITE BLVD,AUSTIN,TX,78744,227,10,464466.28,453138.95
32056160479,SSH TRS M LLC,211 E 7TH ST STE 620,AUSTIN,TX,78701,227,00005,COURTYARD BY MARRIOTT MESQUITE,211 E 7TH ST STE 620,AUSTIN,TX,78701,227,101,234677.18,228411.58
17607844663,"HOTEL USA PARTNERS, LLC",10717 HARRY HINES BLVD STE A,DALLAS,TX,75220,057,00004,CROWNE PLAZA AUSTIN,6121 N IH 35,AUSTIN,TX,78752,227,293,731126.66,617488.48
32023057899,"CTP VENTURES, LLC",2417 LEON ST,AUSTIN,TX,78705,227,00001,CTP VENTURES LLC,1018 HARWOOD PL,AUSTIN,TX,78704,227,5,2350.0,2350.0
32023057899,"CTP VENTURES, LLC",2417 LEON ST,AUSTIN,TX,78705,227,00002,CTP VENTURES LLC,1007 E 8TH ST,AUSTIN,TX,78702,227,6,15750.0,15750.0
32023057899,"CTP VENTURES, LLC",2417 LEON ST,AUSTIN,TX,78705,227,00005,CTP VENTURES LLC,607 W 35TH ST,AUSTIN,TX,78705,227,6,1950.0,1950.0
12052459299,RADIANT PROPERTIES LLC,820 E ANDERSON LN,AUSTIN,TX,78752,227,00002,DAYS INN AUSTIN CROSSROADS,820 E ANDERSON LN,AUSTIN,TX,78752,227,145,176365.86,176226.86
32055193091,"DBG AUSTIN HOTEL, LLC",3525 SANDY TRAIL LN,PLANO,TX,75023,043,00001,DAYS INN UNIVERSITY/DOWNTOWN,3105 N INTERSTATE 35,AUSTIN,TX,78722,227,63,125784.26,124718.99
10304108037,"EMBASSY MOTEL PARTNERS, L.P.",4800 N INTERSTATE 35,AUSTIN,TX,78751,227,00001,DELUXE INN,4800 N IH 35,AUSTIN,TX,78751,227,53,29784.0,29784.0
32056462578,PARTNERS VII SA AUSTIN HOTEL LLC,1575 WELTON ST STE 300,DENVER,CO,80202,000,00002,DOUBLETREE AUSTIN HOTEL,6505 N INTERSTATE 35,AUSTIN,TX,78752,227,50,760933.0,513765.0
12030065200,"PINNACLE UT, L.P.",8369 VICKERS ST STE 101,SAN DIEGO,CA,92111,000,00001,DOUBLETREE CLUB HOTEL,1617 N I H 35,AUSTIN,TX,78702,227,152,529501.0,482382.25
32054715860,"FELCOR AUSTIN DOWNTOWN LESSEE, L.L.C.",755 CROSSOVER LN,MEMPHIS,TN,38117,000,00001,DOUBLETREE GUEST SUTIES - AUSTIN TX,303 W 15TH ST,AUSTIN,TX,78701,227,188,921866.69,804640.14
32046437821,"DJ HOSTEL, LLC",2602 GUADALUPE ST,AUSTIN,TX,78705,227,00001,DRIFTER JACK'S HOSTEL,2602 GUADALUPE ST,AUSTIN,TX,78705,227,9,38495.42,38495.42
19416491231,HYATT CORPORATION,71 S WACKER DR STE 1000 C/O TAX DEPT,CHICAGO,IL,60606,000,00043,DRISKILL HOTEL,604 BRAZOS ST,AUSTIN,TX,78701,227,189,992458.35,990235.35
14313861677,"DRURY SOUTHWEST, INC.",PO BOX 1214,CPE GIRARDEAU,MO,63702,000,00001,DRURY INN - AUSTIN NORTH,6511 INTERSTATE HWY 35 NORTH,AUSTIN,TX,78752,227,156,332279.62,323371.56
32051871906,DSN HOSPITALITY LLC,4710 S LAMAR BLVD,AUSTIN,TX,78745,227,00001,DSN HOSPITALITY LLC,3110 STATE HIGHWAY 71 EAST,AUSTIN,TX,78745,011,37,33301.99,33301.99
32052153940,EMERSON GUEST PROPERTIES LLC,707 JOSEPHINE ST,AUSTIN,TX,78704,227,00029,EAST SIDE TREE HOUSE,1902 CANTERBURY ST # B,AUSTIN,TX,78702,227,1,1907.34,1907.34
32052153940,EMERSON GUEST PROPERTIES LLC,707 JOSEPHINE ST,AUSTIN,TX,78704,227,00031,EAST 2ND COTTAGE,903 E 2ND ST,AUSTIN,TX,78702,227,2,3187.27,3187.27
32052153940,EMERSON GUEST PROPERTIES LLC,707 JOSEPHINE ST,AUSTIN,TX,78704,227,00027,EAST 2ND GUEST HOUSE,902 E 2ND ST # B,AUSTIN,TX,78702,227,1,2391.31,2391.31
32052153940,EMERSON GUEST PROPERTIES LLC,707 JOSEPHINE ST,AUSTIN,TX,78704,227,00028,EAST 2ND MAIN HOUSE,902 E 2ND ST # A,AUSTIN,TX,78702,227,2,0.0,0.0
32043490237,VACATIONCAKE LLC,1709 BLUEBONNET LN,AUSTIN,TX,78704,227,00046,EAST 8TH STREET,2106 E 8TH ST,AUSTIN,TX,78702,227,6,0.0,0.0
12633884114,"EASTSIDE INN, INC.",3400 SANTA MONICA DR,AUSTIN,TX,78741,227,00001,EASTSIDE INN,1609 E CESAR CHAVEZ ST,AUSTIN,TX,78702,227,1,44829.64,44829.64
12008268786,"SATGURU, L.L.C.",9102 BURNET RD,AUSTIN,TX,78758,227,00001,ECONO LODGE,9102 BURNET RD,AUSTIN,TX,78758,227,39,57930.78,55269.47
12050231914,SHILPABEN P PATEL,700 MIDDLE LN C/O ECONOMY INN,AUSTIN,TX,78753,227,00001,ECONOMY INN,700 MIDDLE LN,AUSTIN,TX,78753,227,16,12142.58,12142.58
32006623618,TRESSIE DAMRON,PO BOX 162805,AUSTIN,TX,78716,227,00001,ELEGENCE INN STYLE,1110 W 22 1/2 ST,AUSTIN,TX,78705,227,2,960.0,0.0
32057176011,"SBCO-BREI AUSTIN OPERATING COMPANY, LLC",211 E 7TH ST STE 620,AUSTIN,TX,78701,227,00001,EMBASSY SUITES AUSTIN - CENTRAL,5901 N INTERSTATE 35,AUSTIN,TX,78723,227,260,893803.98,823832.03
12611259735,HLT DOMESTIC OWNER LLC,755 CROSSOVER LN,MEMPHIS,TN,38117,000,00001,EMBASSY SUITES HOTEL AUSTIN - DOWNTOWN/TOWN LAKE,300 S CONGRESS AVE,AUSTIN,TX,78704,227,261,1176362.57,1134326.97
32037786707,ERIC YERKOVICH,PO BOX 2,AUSTIN,TX,78767,227,00001,ERIC YERKOVICH,7639 W HIGHWAY 71,AUSTIN,TX,78735,227,1,30150.0,30150.0
32022413010,ERIC SCOTT PEABODY,2605 DEERFOOT TRL,AUSTIN,TX,78704,227,00002,ESP 1 PROPERTIES,907 E LIVE OAK ST,AUSTIN,TX,78704,227,1,0.0,0.0
32022413010,ERIC SCOTT PEABODY,2605 DEERFOOT TRL,AUSTIN,TX,78704,227,00003,ESP 1 PROPERTIES,1506 OXFORD AVE,AUSTIN,TX,78704,227,1,1800.0,1800.0
32022413010,ERIC SCOTT PEABODY,2605 DEERFOOT TRL,AUSTIN,TX,78704,227,00004,ESP 1 PROPERTIES,2605 DEERFOOT TRL,AUSTIN,TX,78704,227,1,0.0,0.0
12016274339,ESA P PORTFOLIO OPERATING LESSEE LLC,PO BOX 49550,CHARLOTTE,NC,28277,000,00043,EXTENDED STAY AMERICA #6027,10100 N CAPITAL OF TEXAS HWY,AUSTIN,TX,78759,227,86,172806.88,78931.33
12016274339,ESA P PORTFOLIO OPERATING LESSEE LLC,PO BOX 49550,CHARLOTTE,NC,28277,000,00006,EXTENDED STAY DELUXE #9829,12424 RESEARCH BLVD,AUSTIN,TX,78759,227,120,182734.78,96686.83
12016274339,ESA P PORTFOLIO OPERATING LESSEE LLC,PO BOX 49550,CHARLOTTE,NC,28277,000,00001,EXTENDED STAY DELUXE #9832,2700 GRACY FARMS LN,AUSTIN,TX,78758,227,113,175288.59,58944.0
12016274339,ESA P PORTFOLIO OPERATING LESSEE LLC,PO BOX 49550,CHARLOTTE,NC,28277,000,00008,EXTENDED STAY DELUXE #9834,8221 N IH 35,AUSTIN,TX,78753,227,118,138647.82,88020.33
32052015271,MCRT AUSTIN TENANT LLC,800 BRAZOS ST STE 400,AUSTIN,TX,78701,227,00001,FAIRFIELD INN & SUITES,11201 N MO PAC EXPY,AUSTIN,TX,78759,227,134,389562.58,376810.28
32042629405,"APPLE NINE HOSPITALITY TEXAS SERVICES III, INC.",701 E 83RD AVE,MERRILLVILLE,IN,46410,000,00002,FAIRFIELD INN & SUITES - AUSTIN NORTH,12536 N INTERSTATE 35 S,AUSTIN,TX,78753,227,150,418449.19,400163.66
32038712314,"EXCEL AUSTIN NORTH, LLC",10660 SCRIPPS RANCH BLVD STE 100,SAN DIEGO,CA,92131,000,00002,FAIRFIELD INN AUSTIN NORTHWEST RESEARCH BLVD,13087 N HIGHWAY 183,AUSTIN,TX,78750,246,84,221886.81,206466.81
12047860148,"RLJ II - F AUSTIN S LESSEE, LP",701 E 83RD AVE,MERRILLVILLE,IN,46410,000,00001,FAIRFIELD INN AUSTIN SOUTH,4525 S IH 35 BLDG 2,AUSTIN,TX,78744,227,63,164898.85,161351.75
32053100544,"WPS FI AUSTIN, LLC",1575 WELTON ST STE 300,DENVER,CO,80202,000,00002,FAIRFIELD INN AUSTIN UNIVERSITY AREA,959 REINLI ST,AUSTIN,TX,78751,227,63,159160.0,148503.94
32045638916,"FIREHOUSE HOSTEL, LLC",605 BRAZOS ST,AUSTIN,TX,78701,227,00001,FIREHOUSE HOSTEL,605 BRAZOS ST,AUSTIN,TX,78701,227,12,60095.2,60095.2
32047098168,AMY MARIE CAPUTO,13601 PAISANO CIR,AUSTIN,TX,78737,105,00001,FLORA PROPERTIES/AMY M. CAPUTO,13601 PAISANO CIR,AUSTIN,TX,78737,105,4,22819.2,22819.2
32057124029,"DTRS AUSTIN, LLC",98 SAN JACINTO BLVD,AUSTIN,TX,78701,227,00002,FOUR SEASONS HOTEL AUSTIN,98 SAN JACINTO BLVD,AUSTIN,TX,78701,227,291,1859623.96,1859623.96
32052153940,EMERSON GUEST PROPERTIES LLC,707 JOSEPHINE ST,AUSTIN,TX,78704,227,00007,GARDEN HIDE AWAY,4004 CLAWSON RD # B,AUSTIN,TX,78704,227,2,2473.26,2473.26
32039476448,RASMUSSEN JOEL & DANI LIVING TRUST,PO BOX 3089 C/O HOTSPOT TAX SERVICES,GREENWOOD VLG,CO,80155,000,00003,GREEN DOR,1103A REAGAN TER,AUSTIN,TX,78704,227,1,2827.0,2827.0
17423029622,"H. I. ONE AUSTIN, LTD.",500 E HIGHLAND MALL BLVD,AUSTIN,TX,78752,227,00001,HABITAT SUITES HOTEL,500 E HIGHLAND MALL BLVD,AUSTIN,TX,78752,227,96,242080.62,233252.0
32034202385,"R & H HOSPITALITY, INC.",12116 CARLSBAD DR,AUSTIN,TX,78738,227,00001,HAMPTON INN,6401 W HIGHWAY 290,AUSTIN,TX,78735,227,106,383475.25,381976.17
13836974678,"SANJAY ENTERPRISES I, LTD.",3317 EL SALIDO PKWY,CEDAR PARK,TX,78613,246,00001,HAMPTON INN & SUITES,10811 PECAN PARK BLVD,AUSTIN,TX,78750,227,71,214890.98,208899.67
32045562223,"AUSTIN VHR, LLC",10370 RICHMOND AVE STE 150,HOUSTON,TX,77042,101,00001,HAMPTON INN & SUITES AUSTIN  @ THE UNIVERSITY/CAPI,1701 LAVACA ST,AUSTIN,TX,78701,227,137,663696.64,607475.7
32052320093,"PI RIVERSIDE DRIVE AUSTIN, LLC",1300 E WOODFIELD RD STE 400,SCHAUMBURG,IL,60173,000,00001,HAMPTON INN & SUITES AUSTIN AIRPORT,7712 E RIVERSIDE DR,AUSTIN,TX,78744,227,102,299160.84,291724.44
32054917383,"SUMMIT HOTEL TRS 117, LLC",4501 FAIRFAX DR STE 500,ARLINGTON,VA,22203,000,00002,HAMPTON INN & SUITES AUSTIN DOWNTOWN,200 SAN JACINTO BLVD,AUSTIN,TX,78701,227,209,751614.89,679221.89
12644207412,"APPLE NINE SERVICES AUSTIN ARBORETUM, INC.",10370 RICHMOND AVE STE 150,HOUSTON,TX,77042,101,00001,HAMPTON INN AUSTIN NW,3908 W BRAKER LN,AUSTIN,TX,78759,227,124,405463.75,391941.39
32055287638,"ARC HOSPITALITY PORTFOLIO II NTC TRS, LP",3950 UNIVERSITY DR STE 301,FAIRFAX,VA,22030,000,00001,HAMPTON INN AUSTIN-NORTH @I-35 & HWY 183,7619 N INTERSTATE 35,AUSTIN,TX,78752,227,121,308709.0,277897.08
32052594945,"MOODY NATIONAL AUSTIN-GOVR MT, LLC",211 E 7TH ST STE 620,AUSTIN,TX,78701,227,00002,HAMPTON INN AUSTIN-SOUTH,4141 GOVERNORS ROW,AUSTIN,TX,78744,227,123,366700.31,333638.76
32026211766,APRI LLC,935 LA POSADA DR,AUSTIN,TX,78752,227,00001,HAWTHORN SUITES AUSTIN CENTRAL,935 LA POSADA DR,AUSTIN,TX,78752,227,70,160945.53,126263.06
17606817462,UKP INC.,5303 W HIGHWAY 290,AUSTIN,TX,78735,227,00001,HEART OF TEXAS MOTEL,5303 US HWY 290 WEST,AUSTIN,TX,78735,227,30,30735.0,30065.0
32043490237,VACATIONCAKE LLC,1709 BLUEBONNET LN,AUSTIN,TX,78704,227,00056,HILL COUNTRY SUITE,405 BARRETT LN,AUSTIN,TX,78733,227,8,0.0,0.0
17429082138,"AUSTIN-BERGSTROM LANDHOST ENTERPRISES, INC.",9515 HOTEL DR,AUSTIN,TX,78719,227,00001,HILTON AUSTIN AIRPORT,9515 NEW AIRPORT DR,AUSTIN,TX,78719,227,263,973207.0,805012.49
32042629405,"APPLE NINE HOSPITALITY TEXAS SERVICES III, INC.",701 E 83RD AVE,MERRILLVILLE,IN,46410,000,00003,HILTON GARDEN INN - AUSTIN NORTH,12400 N INTERSTATE 35,AUSTIN,TX,78753,227,117,377096.92,338361.72
32055190782,"MOODY NATIONAL RESEARCH-AUSTIN MT, LLC",6363 WOODWAY DR STE 110,HOUSTON,TX,77057,101,00001,HILTON GARDEN INN AUSTIN,11617 RESEARCH BLVD,AUSTIN,TX,78759,227,138,448384.71,432656.71
32028569542,HHC TRS AUSTIN LLC,14185 DALLAS PKWY STE 1100,DALLAS,TX,75254,057,00001,HILTON GARDEN INN AUSTIN DOWNTOWN,500 N I H 35,AUSTIN,TX,78701,227,254,1042182.21,961602.59
32054116085,8901 AUSTIN HOTEL LESSEE LLC,11770 US HIGHWAY 1 STE 202,N PALM BEACH,FL,33408,000,00001,HOLDIAY INN AUSTIN NW,8901 BUSINESS PARK DR,AUSTIN,TX,78759,227,194,482485.21,454356.89
32040261409,"TURKEY TRACK OUTFITTERS, LLC",1107 LIVE OAK RIDGE RD,W LAKE HILLS,TX,78746,227,00001,HOLE UP,1215 CASTLE HILL ST,AUSTIN,TX,78703,227,4,0.0,0.0
32040261409,"TURKEY TRACK OUTFITTERS, LLC",1107 LIVE OAK RIDGE RD,W LAKE HILLS,TX,78746,227,00002,HOLE UP,2111 TRAVIS HEIGHTS BLVD,AUSTIN,TX,78704,227,8,8996.0,8996.0
12055685718,ASDN AUSTIN LLC,1775 HANCOCK ST STE 200,SAN DIEGO,CA,92110,000,00001,HOLIDAY INN,20 N I H 35,AUSTIN,TX,78701,227,314,802470.74,671207.58
32048807534,H.I. AUSTIN AIRPORT LP,6711 E BEN WHITE BLVD,AUSTIN,TX,78741,227,00002,HOLIDAY INN AUSTIN AIRPORT,6711 E BEN WHITE BLVD,AUSTIN,TX,78741,227,138,384703.8,352808.17
12712031058,"LMREC CDO I REO V, INC.",6000 MIDDLE FISKVILLE RD,AUSTIN,TX,78752,227,00001,HOLIDAY INN AUSTIN MIDTOWN,6000 MIDDLE FISKVILLE RD,AUSTIN,TX,78752,227,189,448697.23,441978.23
32038857895,"BROWNIE HOTELS, INC",701 E STASSNEY LN BLDG L,AUSTIN,TX,78745,227,00003,HOLIDAY INN EXPRESS & SUITES AUSTIN SOUTH,701 E STASSNEY LN BLDG L,AUSTIN,TX,78745,227,86,251548.83,242952.83
17532086661,"PRG VENTURES, L.P.",17950 PRESTON RD STE 710,DALLAS,TX,75252,043,00001,HOLIDAY INN EXPRESS AUSTIN NORTH,14620 N IH 35,AUSTIN,TX,78728,227,84,162139.17,148276.37
32048555190,"PRINCE ORGANIZATION AUSTIN, LLC",18620 SEABISCUIT RUN,YORBA LINDA,CA,92886,000,00001,HOLIDAY INN EXPRESS AUSTIN NORTH CENTRAL,8500 N INTERSTATE 35,AUSTIN,TX,78753,227,101,207819.54,189783.24
17606040867,"TRIKEKU HOSPITALITY, INC.",12703 RANCH ROAD 620 N,AUSTIN,TX,78750,246,00001,HOLIDAY INN EXPRESS HOTEL & SUITES,12703 RANCH ROAD 620 N,AUSTIN,TX,78750,246,65,197487.88,186797.46
32044328865,"PATH HOTEL FIVE, LP",1036 LIBERTY PARK DR APT 24,AUSTIN,TX,78746,227,00001,HOLIDAY INN EXPRESS HOTEL & SUITES,10711 RESEARCH BLVD,AUSTIN,TX,78759,227,110,352239.71,316384.12
32039853166,"PURE LODGING HOSPITALITY TWO, L.L.C.",13681 N HIGHWAY 183,AUSTIN,TX,78750,246,00001,HOME 2 SUITES BY HILTON,14022 N HIGHWAY 183,AUSTIN,TX,78717,246,84,263296.0,249888.6
12016274339,ESA P PORTFOLIO OPERATING LESSEE LLC,PO BOX 49550,CHARLOTTE,NC,28277,000,00055,HOMESTEAD STUDIO SUITES #9702,9100 WATERFORD CENTRE BLVD,AUSTIN,TX,78758,227,123,180111.62,101201.67
12016274339,ESA P PORTFOLIO OPERATING LESSEE LLC,PO BOX 49550,CHARLOTTE,NC,28277,000,00056,HOMESTEAD STUDIO SUITES #9703,507 S 1ST ST,AUSTIN,TX,78704,227,130,228281.09,180881.5
12644102597,"APPLE NINE SERVICES AUSTIN NORTHWEST, INC.",10370 RICHMOND AVE STE 150,HOUSTON,TX,77042,101,00001,HOMEWOOD SUITES AUSTIN NW,10925 STONELAKE BLVD,AUSTIN,TX,78759,227,97,395143.17,360966.92
12038191412,"AUSTIN HWS, LP",9000 TESORO DR STE 300,SAN ANTONIO,TX,78217,015,00002,HOMEWOOD SUITES AUSTIN SOUTH,4143 GOVERNORS ROW,AUSTIN,TX,78744,227,1,338270.52,292046.67
32048437761,"ESPERANZA HOSPITALITY, LLC",2806 WOLFLIN AVE,AMARILLO,TX,79109,188,00002,HOME2 SUITES BY HILTON-AUSTIN/NEAR THE DOMAIN,2800 ESPERANZA XING,AUSTIN,TX,78758,227,135,435474.51,220624.51
17424377715,SOUTHWEST TEXAS COUNCIL OF AMERICAN YOUTH HOSTELS,2200 S LAKESHORE BLVD,AUSTIN,TX,78741,227,00001,HOSTELLING INTERNATIONAL-AUSTIN,2200 S LAKESHORE BLVD,AUSTIN,TX,78741,227,12,30485.14,30485.14
32048455573,"RIO GRANDE ATX INVESTMENTS, LLC",1900 RIO GRANDE ST,AUSTIN,TX,78705,227,00002,HOTEL ELLA,1900 RIO GRANDE ST,AUSTIN,TX,78705,227,48,264200.27,262833.5
32055835998,"HOTEL SJ TENANT, INC.",2 POST RD W,WESTPORT,CT,06880,000,00001,HOTEL SAN JOSE,1316 S CONGRESS AVE,AUSTIN,TX,78704,227,40,326750.17,326750.17
32013370864,PANDORA WOOD,319 ADDIE ROY RD,AUSTIN,TX,78746,227,00001,HOUSE ON THE HILL,319 ADDIE ROY RD,AUSTIN,TX,78746,227,6,23779.0,23379.0
17429069853,"SUPER SUCCESS, INC.",2711 S INTERSTATE 35,AUSTIN,TX,78741,227,00002,HOWARD JOHNSON,2711 S INTERSTATE 35,AUSTIN,TX,78741,227,87,73569.5,65657.33
32054846228,FIVE STAR AUSTIN GROUP LLC,7709 WATSON DR,PLANO,TX,75025,043,00001,HOWARD JOHNSON-AUSTIN,7800 N INTERSTATE 35,AUSTIN,TX,78753,227,80,66540.39,41244.43
12085117583,"TEXAS AUSTIN HOTEL REALTY, LLC",625 LIBERTY AVE STE 3110,PITTSBURGH,PA,15222,000,00002,HYATT PLACE AUSTIN ARBORETUM,3612 TUDOR BLVD,AUSTIN,TX,78759,227,128,426279.83,410788.83
32053462357,"AUSTIN CBD HOTEL OPERATOR, INC.",701 E 83RD AVE,MERRILLVILLE,IN,46410,000,00001,HYATT PLACE AUSTIN DOWNTOWN,211 E 3RD ST,AUSTIN,TX,78701,227,296,1337013.31,1246575.09
12088257667,"TANTALLON AUSTIN, LLC",208 BARTON SPRINGS RD,AUSTIN,TX,78704,227,00001,HYATT REGENCY AUSTIN,208 BARTON SPRINGS RD,AUSTIN,TX,78704,227,448,1624263.87,1590651.5
32052153940,EMERSON GUEST PROPERTIES LLC,707 JOSEPHINE ST,AUSTIN,TX,78704,227,00023,HYDE PARK STUDIO,4609 DEPEW AVE,AUSTIN,TX,78751,227,1,507.43,462.43
32045637199,INNTOWNVACATIONRENTALS. L.L.C.,800 S 1ST ST # 800-B,AUSTIN,TX,78704,227,00001,INNTOWNVACATIONRENTALS LLC,800 S 1ST ST APT B,AUSTIN,TX,78704,227,8,6930.0,6930.0
12021319483,"HPT TRS IHG-2, INC.",11580 GREAT OAKS WAY,ALPHARETTA,GA,30022,000,00033,INTERCONTINENTAL AUSTIN,701 CONGRESS AVE,AUSTIN,TX,78701,227,189,983891.99,978773.34
15825098716,"INTOWN SUITES LAMAR BOULEVARD, L.P.",2727 PACES FERRY RD SE STE 2-1200,ATLANTA,GA,30339,000,00001,INTOWN SUITES,9909 N LAMAR BLVD,AUSTIN,TX,78753,227,121,143956.43,38912.0
32057085576,"SCG LH AUSTIN, L.P.",980 HAMMOND DR STE 1400,ATLANTA,GA,30328,000,00001,INTOWN SUITES AUSTIN,12989 N HIGHWAY 183,AUSTIN,TX,78750,246,151,98976.83,37957.17
32052324517,JASON MARTIN,2028 E BEN WHITE BLVD STE 240,AUSTIN,TX,78741,227,00001,JASON MARTIN,1201 TAYLOR ST,AUSTIN,TX,78702,227,4,8195.67,8195.67
32043490237,VACATIONCAKE LLC,1709 BLUEBONNET LN,AUSTIN,TX,78704,227,00052,JOURNEY ZEN,4507 AVENUE D,AUSTIN,TX,78751,227,4,0.0,0.0
32030651064,JULIE MARKS,2218 WESTLAKE DR,AUSTIN,TX,78746,227,00002,JULIE ZUEFELDT,6216 INDIAN CANYON DR,AUSTIN,TX,78746,227,1,0.0,0.0
32044321118,"AUSTIN 18 HOTEL, LLC",701 E 83RD AVE,MERRILLVILLE,IN,46410,000,00002,JW MARRIOTT AUSTIN DOWNTOWN,110 E 2ND ST,AUSTIN,TX,78701,227,1012,5065320.54,4787798.91
32052153940,EMERSON GUEST PROPERTIES LLC,707 JOSEPHINE ST,AUSTIN,TX,78704,227,00002,KEASBEY COTTAGE,700 KEASBEY ST,AUSTIN,TX,78751,227,2,4613.54,4613.54
32052153940,EMERSON GUEST PROPERTIES LLC,707 JOSEPHINE ST,AUSTIN,TX,78704,227,00003,KENWOOD CASITA,2102 KENWOOD AVE # B,AUSTIN,TX,78704,227,2,2440.0,2440.0
17427529171,"KIMBER CAVENDISH, INC.",1503 NICKERSON ST APT A,AUSTIN,TX,78704,227,00002,KIMBER MODERN,110 THE CIR,AUSTIN,TX,78704,227,5,48039.97,48039.97
16213700681,"SUN HOME SERVICES, INC.",27777 FRANKLIN RD STE 200,SOUTHFIELD,MI,48034,000,00005,LA HACIENDA RV RESORT,5220 HUDSON BEND RD,AUSTIN,TX,78734,227,47,88940.5,88940.5
12040439692,LQ MANAGEMENT L.L.C.,909 HIDDEN RDG STE 600,IRVING,TX,75038,057,00017,LA QUINTA  INN #478,4200 I-35 SOUTH,AUSTIN,TX,78745,227,130,217736.53,213649.31
32049521266,ASH HOSPITALITY LLC,12304 LAS FLORES DR,AUSTIN,TX,78732,227,00001,LA QUINTA INN,10701 LAKELINE MALL DR,AUSTIN,TX,78717,246,80,211285.95,198891.95
32035419293,"SHIV PARTNERS, LTD.",PO BOX 632149,IRVING,TX,75063,057,00001,LA QUINTA INN & SUITE,7622 N INTERSTATE 35,AUSTIN,TX,78752,227,125,326740.45,313827.33
12040439692,LQ MANAGEMENT L.L.C.,909 HIDDEN RDG STE 600,IRVING,TX,75038,057,00007,LA QUINTA INN & SUITES #2000,150 PARKER DR,AUSTIN,TX,78728,227,86,140251.44,138443.96
12040439692,LQ MANAGEMENT L.L.C.,909 HIDDEN RDG STE 600,IRVING,TX,75038,057,00073,LA QUINTA INN & SUITES- AUSTIN AIRPORT #186,7625 E BEN WHITE BLVD,AUSTIN,TX,78741,227,142,328175.43,311285.02
12040439692,LQ MANAGEMENT L.L.C.,909 HIDDEN RDG STE 600,IRVING,TX,75038,057,00024,LA QUINTA INN #522,1603 E OLTORF ST,AUSTIN,TX,78741,227,104,242874.61,238599.26
12040439692,LQ MANAGEMENT L.L.C.,909 HIDDEN RDG STE 600,IRVING,TX,75038,057,00064,LA QUINTA INN #530,5812 I-35 NORTH,AUSTIN,TX,78751,227,122,188198.54,186561.42
12040439692,LQ MANAGEMENT L.L.C.,909 HIDDEN RDG STE 600,IRVING,TX,75038,057,00092,LA QUINTA INN- AUSTIN CAPITOL # 907,300 E 11TH ST,AUSTIN,TX,78701,227,146,342788.15,325829.72
12040439692,LQ MANAGEMENT L.L.C.,909 HIDDEN RDG STE 600,IRVING,TX,75038,057,00084,LA QUINTA INNS & SUITES #937,11901 N MOPAC EXPY,AUSTIN,TX,78759,227,149,362934.86,346927.96
12040439692,LQ MANAGEMENT L.L.C.,909 HIDDEN RDG STE 600,IRVING,TX,75038,057,00060,LA QUINTA INNS AND SUITES #177,4424 SOUTH MOPAC SERVICE ROAD,AUSTIN,TX,78735,227,128,328717.52,321170.84
17520930383,"PHOENIX FASHIONS, INC.",6701 OASIS PASS,AUSTIN,TX,78732,227,00001,LA VILLA VISTA BED AND BREAKFAST,6701 OASIS PASS,AUSTIN,TX,78732,227,8,22873.25,22873.25
32040261409,"TURKEY TRACK OUTFITTERS, LLC",1107 LIVE OAK RIDGE RD,W LAKE HILLS,TX,78746,227,00003,LAGUNA VINO ROJO,1859 WESTLAKE DR,AUSTIN,TX,78746,227,6,29100.0,29100.0
17428039774,"LAKE AUSTIN SPA INVESTORS, LTD.",1705 S QUINLAN PARK RD,AUSTIN,TX,78732,227,00001,LAKE AUSTIN SPA RESORT,1705 S QUINLAN PARK RD,AUSTIN,TX,78732,227,40,589919.17,589919.17
13311670254,B D INTERESTS LLC AND FELTER FAMILY RV LLC,7914 BURLESON RD,AUSTIN,TX,78744,227,00002,LAKE TRAVIS RV PARK,4511 DOSS RD,AUSTIN,TX,78734,227,11,7325.0,0.0
32052153940,EMERSON GUEST PROPERTIES LLC,707 JOSEPHINE ST,AUSTIN,TX,78704,227,00001,LITTLE JOSEPHINE,707 JOSEPHINE ST,AUSTIN,TX,78704,227,1,2947.48,2947.48
32044616285,"SOUTHERN STAR COURTS I, LP",4400 POST OAK PKWY STE 1640,HOUSTON,TX,77027,101,00001,LONE STAR COURT,10901 DOMAIN DR,AUSTIN,TX,78758,227,123,434362.87,423239.87
32018146236,CATHERINE FLOOD WEISS,PO BOX 340213,AUSTIN,TX,78734,227,00001,LOST PARROT CABINS,15116 STORM DR,AUSTIN,TX,78734,227,3,12401.0,12401.0
32051614629,MARATHON RENTALS LLC,1811 KENWOOD AVE,AUSTIN,TX,78704,227,00001,MARATHON RENTALS LLC,1811 KENWOOD AVE,AUSTIN,TX,78704,227,1,11663.47,11663.47
12048193705,"RLJ II - MH AUSTIN S LESSEE, LP",701 E 83RD AVE,MERRILLVILLE,IN,46410,000,00001,MARRIOTT HOTEL AUSTIN SOUTH,4415 S IH 35,AUSTIN,TX,78744,227,199,684414.54,622925.87
17416803728,PARKS AND WILDLIFE DEPARTMENT,4200 SMITH SCHOOL RD,AUSTIN,TX,78744,227,00144,MCKINNEY FALLS STATE PARK,5808 MCKINNEY FALLS PKWY,AUSTIN,TX,78744,227,6,1290.0,1290.0
17428603918,NCLW COMPANY INC,5855 SOVEREIGN DR STE A,HOUSTON,TX,77036,101,00002,MEHL'S MOTEL,6712 N LAMAR BLVD,AUSTIN,TX,78752,227,30,15735.86,8280.86
32050880908,"WINNER HOSPITALITY, LLC",7705 METRO CENTER DR,AUSTIN,TX,78744,227,00001,MICROTEL INN AND SUITES - AUSTIN AIRPORT,7705 METRO CENTER DR,AUSTIN,TX,78744,227,71,132858.88,83278.88
32048932076,G6 HOSPITALITY PROPERTY LLC,4001 INTERNATIONAL PKWY,CARROLLTON,TX,75007,061,00027,MOTEL 6 #1118,5330 N INTERSTATE 35,AUSTIN,TX,78751,227,118,212039.11,208273.63
32048932076,G6 HOSPITALITY PROPERTY LLC,4001 INTERNATIONAL PKWY,CARROLLTON,TX,75007,061,00002,MOTEL 6 #113,2707 INTERREGIONAL HWY S,AUSTIN,TX,78741,227,108,203869.88,199608.59
32048932076,G6 HOSPITALITY PROPERTY LLC,4001 INTERNATIONAL PKWY,CARROLLTON,TX,75007,061,00046,MOTEL 6 #1344,8010 N INTERSTATE 35,AUSTIN,TX,78753,227,111,149264.03,149078.06
32048932076,G6 HOSPITALITY PROPERTY LLC,4001 INTERNATIONAL PKWY,CARROLLTON,TX,75007,061,00017,MOTEL 6 #360,9420 N INTERSTATE 35,AUSTIN,TX,78753,227,156,201767.35,196396.63
17426239442,DHANLAXAMI CORPORATION,MOTEL 71 2500 EAST BENWHITE BLVD,AUSTIN,TX,78741,227,00001,MOTEL 71,2500 E BEN WHITE BLVD,AUSTIN,TX,78741,227,16,13245.0,12245.0
12238401256,"NORTHSTAR FANWOOD REAL ESTATE, L.L.C.",3573 RANCH ROAD 620 S,AUSTIN,TX,78738,227,00001,MOUNTAIN STAR HOTEL,3573 RANCH ROAD 620 S,AUSTIN,TX,78738,227,40,39313.0,39313.0
32024286760,"ALTEMATE REAL ESTATE, LLC",1318 URSULINES AVE,NEW ORLEANS,LA,70116,000,00007,MY HOME,2307B RIVERSIDE FARMS RD,AUSTIN,TX,78741,227,7,1125.0,1125.0
32015638672,"NANET-CENTEX, INC.",610 BRAZOS ST STE 107,AUSTIN,TX,78701,227,00008,NANET -  CENTEX INC,301 E 4TH ST APT 320,AUSTIN,TX,78701,227,1,3696.16,3696.16
32015638672,"NANET-CENTEX, INC.",610 BRAZOS ST STE 107,AUSTIN,TX,78701,227,00009,NANET - CENTEX INC,1113 SPEARSON LN,AUSTIN,TX,78745,227,1,843.53,843.53
32015638672,"NANET-CENTEX, INC.",610 BRAZOS ST STE 107,AUSTIN,TX,78701,227,00004,NANET-CENTEX INC,301 E 4TH ST APT 308,AUSTIN,TX,78701,227,1,8290.33,8290.33
32015638672,"NANET-CENTEX, INC.",610 BRAZOS ST STE 107,AUSTIN,TX,78701,227,00005,"NANET-CENTEX, INC",5201 RAIN CREEK PKWY,AUSTIN,TX,78759,227,1,0.0,0.0
32015638672,"NANET-CENTEX, INC.",610 BRAZOS ST STE 107,AUSTIN,TX,78701,227,00001,"NANET-CENTEX, INC.",6812 KENOSHA PASS,AUSTIN,TX,78749,227,1,0.0,0.0
17427414085,PIYUSH PARIKH SURESH A PATEL & MANUBHAI SHAH,4220 S INTERSTATE 35,AUSTIN,TX,78745,227,00001,NEW YORK HOSPITALITY JV DBA DAYS INN SOUTH,4220 SOUTH IH-35,AUSTIN,TX,78745,227,62,92830.96,87920.96
32045521187,ALF-TINS LLC,700 HIGHLANDER BLVD STE 400,ARLINGTON,TX,76015,220,00001,NORTH AUSTIN PLAZA HOTEL & SUITES,6911 S INTERSTATE 35,AUSTIN,TX,78744,227,290,91296.8,82720.19
12004877945,"BERNHARDT PROPERTIES I, LTD.",3939 BEE CAVES RD STE C100,W LAKE HILLS,TX,78746,227,00008,NORWALK,1307 NORWALK LN APT 103,AUSTIN,TX,78703,227,2,675.0,675.0
32043490237,VACATIONCAKE LLC,1709 BLUEBONNET LN,AUSTIN,TX,78704,227,00053,OAKMONT PLACE,1912 W 36TH ST,AUSTIN,TX,78731,227,6,0.0,0.0
18610902860,"WORLDWIDE CORPORATE HOUSING, L.P.",2222 CORINTH AVE,LOS ANGELES,CA,90064,000,00001,OAKWOOD WORLDWIDE,3006 LONGHORN BLVD STE 116,AUSTIN,TX,78758,227,50,579252.82,15588.85
10204561905,HCD AUSTIN CORPORATION,420 DECKER DR STE 200,IRVING,TX,75062,057,00001,OMNI AUSTIN HOTEL AT FIC CENTRE,700 SAN JACINTO BLVD,AUSTIN,TX,78701,227,314,1845290.02,1684606.09
17426847400,TRT DEVELOPMENT COMPANY - AUSTIN,4001 MAPLE AVE STE 600,DALLAS,TX,75219,057,00002,OMNI AUSTIN HOTEL AT SOUTHPARK,4140 GOVERNORS ROW,AUSTIN,TX,78744,227,313,968119.16,810584.03
32033232532,"TRT HOTEL COMPANY, L.L.C.",4001 MAPLE AVE STE 500,DALLAS,TX,75219,057,00003,OMNI AUSTIN SOUTHPARK HOTEL,4140 GOVERNORS ROW,AUSTIN,TX,78744,227,312,0.0,0.0
14629369811,"OMNI BARTON CREEK, INC.",8212 BARTON CLUB DR,AUSTIN,TX,78735,227,00001,OMNI BARTON CREEK RESORT & CLUB,8212 BARTON CLUB DR,AUSTIN,TX,78735,227,514,1675703.03,1653091.49
32039476448,RASMUSSEN JOEL & DANI LIVING TRUST,PO BOX 3089 C/O HOTSPOT TAX SERVICES,GREENWOOD VLG,CO,80155,000,00002,ORANGE DOR,1101B REAGAN TER,AUSTIN,TX,78704,227,1,2031.0,2031.0
32000831167,DEV KIRN KHALSA & SHAKTI KHALSA,221 PARK LN,AUSTIN,TX,78704,227,00001,PARK LANE GUEST HOUSE,221 PARK LN,AUSTIN,TX,78704,227,3,14919.1,14919.1
32052153940,EMERSON GUEST PROPERTIES LLC,707 JOSEPHINE ST,AUSTIN,TX,78704,227,00030,PARK LANE MODERN,217 PARK LN # A,AUSTIN,TX,78704,227,3,3485.0,3485.0
32043490237,VACATIONCAKE LLC,1709 BLUEBONNET LN,AUSTIN,TX,78704,227,00054,PARK PLACE ON WEST CAMPUS,1023 W 24TH ST APT 903,AUSTIN,TX,78705,227,8,0.0,0.0
30117236882,"PARK WEST PROPERTIES, INC.",2607 S INTERSTATE 35,AUSTIN,TX,78741,227,00001,PARK WEST INN,2607 SOUTH IH - 35,AUSTIN,TX,78741,227,42,47913.41,42510.0
32043490237,VACATIONCAKE LLC,1709 BLUEBONNET LN,AUSTIN,TX,78704,227,00008,PARKSIDE PLACE,905 ROBERT E LEE RD,AUSTIN,TX,78704,227,1,2985.86,2850.86
12004877945,"BERNHARDT PROPERTIES I, LTD.",3939 BEE CAVES RD STE C100,W LAKE HILLS,TX,78746,227,00005,PATTERSON,733 PATTERSON AVE,AUSTIN,TX,78703,227,4,0.0,0.0
32051874777,"PEACH TREE B&B, LLC",810 E 13TH ST,AUSTIN,TX,78702,227,00001,"PEACH TREE B&B, LLC",810 E 13TH ST,AUSTIN,TX,78702,227,7,12359.0,12359.0
32044174236,PETE GILCREASE,4002 DUVAL ST APT A,AUSTIN,TX,78751,227,00001,PETE GILCREASE,4013 AVENUE F,AUSTIN,TX,78751,227,4,22050.51,11485.97
32044174236,PETE GILCREASE,4002 DUVAL ST APT A,AUSTIN,TX,78751,227,00002,PETE GILCREASE,4002 DUVAL ST,AUSTIN,TX,78751,227,4,12414.23,5051.07
17429151719,"POOJA BUSINESS, INC.",11506 N INTERSTATE 35,AUSTIN,TX,78753,227,00002,"POOJA BUSINESS, INC./WALNUT FOREST MOTEL",11506 IH 35 NORTH,AUSTIN,TX,78753,227,20,27258.0,15578.0
32052153940,EMERSON GUEST PROPERTIES LLC,707 JOSEPHINE ST,AUSTIN,TX,78704,227,00010,RABB GLEN #A,2013 RABB RD # A,AUSTIN,TX,78704,227,2,2516.35,0.0
32052153940,EMERSON GUEST PROPERTIES LLC,707 JOSEPHINE ST,AUSTIN,TX,78704,227,00011,RABB GLEN#B,2013 RABB GLEN ST # B,AUSTIN,TX,78704,227,2,825.65,825.65
32050206682,SANDEEP NANDA,15914 TWO RIVERS CV,AUSTIN,TX,78717,246,00001,RAILYARD CONDOMINIUMS,301 E 4TH ST APT 314,AUSTIN,TX,78701,227,2,6829.0,6829.0
32050206682,SANDEEP NANDA,15914 TWO RIVERS CV,AUSTIN,TX,78717,246,00002,RAILYARD CONDOMINIUMS,201 E 4TH ST APT 213,AUSTIN,TX,78701,227,4,13069.0,13069.0
32050206682,SANDEEP NANDA,15914 TWO RIVERS CV,AUSTIN,TX,78717,246,00003,RAILYARD CONDOMINIUMS,201 E 4TH ST APT 201,AUSTIN,TX,78701,227,3,6781.0,6781.0
32050206682,SANDEEP NANDA,15914 TWO RIVERS CV,AUSTIN,TX,78717,246,00004,RAILYARD CONDOMINIUMS,201 E 4TH ST APT 256,AUSTIN,TX,78701,227,6,2617.0,2617.0
32015638672,"NANET-CENTEX, INC.",610 BRAZOS ST STE 107,AUSTIN,TX,78701,227,00002,RAILYARD CONDOS,301 E 4TH ST APT 315,AUSTIN,TX,78701,227,1,4663.6,4663.6
17428983666,"A & D HOTEL, L.L.C.",9121 N INTERSTATE 35,AUSTIN,TX,78753,227,00001,RAMADA INN AUSTIN NORTH,9121 NORTH DR # IH35,AUSTIN,TX,78753,227,154,181510.29,168869.7
32035133274,"AUSTIN TEXAS SIERRA HOSPITALITY, L.P.",919 E KOENIG LN,AUSTIN,TX,78751,227,00002,RAMADA-AUSTIN CENTRAL,919 E KOENIG LN,AUSTIN,TX,78751,227,136,254059.3,247006.11
32039476448,RASMUSSEN JOEL & DANI LIVING TRUST,PO BOX 3089 C/O HOTSPOT TAX SERVICES,GREENWOOD VLG,CO,80155,000,00001,RASMUSSEN JOEL & DANI LIVING TRUST,1710 DRAKE AVE,AUSTIN,TX,78704,227,1,0.0,0.0
32039476448,RASMUSSEN JOEL & DANI LIVING TRUST,PO BOX 3089 C/O HOTSPOT TAX SERVICES,GREENWOOD VLG,CO,80155,000,00006,RASMUSSEN JOEL & DANI LIVING TRUST,1817A KENWOOD AVE,AUSTIN,TX,78704,227,1,0.0,0.0
32039476448,RASMUSSEN JOEL & DANI LIVING TRUST,PO BOX 3089 C/O HOTSPOT TAX SERVICES,GREENWOOD VLG,CO,80155,000,00007,RASMUSSEN JOEL & DANI LIVING TRUST,1817B KENWOOD AVE,AUSTIN,TX,78704,227,1,1593.2,1593.2
32039476448,RASMUSSEN JOEL & DANI LIVING TRUST,PO BOX 3089 C/O HOTSPOT TAX SERVICES,GREENWOOD VLG,CO,80155,000,00008,RASMUSSEN JOEL & DANI LIVING TRUST,1815 KENWOOD AVE UNIT B,AUSTIN,TX,78704,227,1,0.0,0.0
32039476448,RASMUSSEN JOEL & DANI LIVING TRUST,PO BOX 3089 C/O HOTSPOT TAX SERVICES,GREENWOOD VLG,CO,80155,000,00009,RASMUSSEN JOEL & DANI LIVING TRUST,1815 KENWOOD AVE UNIT A,AUSTIN,TX,78704,227,1,0.0,0.0
32048380540,AUSTIN HOTELS LLC,8210 N INTERSTATE 35,AUSTIN,TX,78753,227,00001,RED ROOF INN,8210 N INTERSTATE 35,AUSTIN,TX,78753,227,141,195673.28,195053.0
32056899589,BW RRI III LLC,211 E 7TH ST STE 620,AUSTIN,TX,78701,227,00008,RED ROOF INN # 10258,4701 S INTERSTATE 35,AUSTIN,TX,78744,227,137,226140.0,226140.0
32045495853,IA LODGING AUSTIN ARBORETUM TRS LIMITED PARTNERSHI,2901 BUTTERFIELD RD,OAK BROOK,IL,60523,000,00001,RENAISSANCE AUSTIN HOTEL,9721 ARBORETUM BLVD,AUSTIN,TX,78759,227,463,1513312.16,1423161.16
12048571553,RLJ II R AUSTIN DT LESSEE LP,701 E 83RD AVE,MERRILLVILLE,IN,46410,000,00001,RESIDENCE IN-AUSTIN DOWNTOWN,300 E 4TH ST,AUSTIN,TX,78701,227,179,726155.96,681935.44
32041364053,"MUELLER HOSPITALITY, LP",190 E STACY RD STE 1720,ALLEN,TX,75002,043,00001,RESIDENCE INN BY MARRIOTT,1200 BARBARA JORDAN BLVD BLDG 4,AUSTIN,TX,78723,227,112,413339.82,326870.77
12047854737,"RLJ II - R AUSTIN PARMER LESSEE, LP",701 E 83RD AVE,MERRILLVILLE,IN,46410,000,00001,RESIDENCE INN BY MARRIOTT AUSTIN NORTH,12401 N LAMAR BLVD,AUSTIN,TX,78753,227,88,361188.77,190966.19
12047855155,"RLJ II - R AUSTIN NW LESSEE, LP",701 E 83RD AVE,MERRILLVILLE,IN,46410,000,00001,RESIDENCE INN BY MARRIOTT AUSTIN NORTHWEST,3713 TUDOR BLVD,AUSTIN,TX,78759,227,84,328994.61,192658.99
12047862276,"RLJ II - R AUSTIN S LESSEE, LP",701 E 83RD AVE,MERRILLVILLE,IN,46410,000,00001,RESIDENCE INN BY MARRIOTT AUSTIN SOUTH,4537 S IH 35,AUSTIN,TX,78744,227,198,259516.1,200829.82
32048311982,"AUSTIN LODGING, LLC",8300 RICHMOND CT,IRVING,TX,75063,057,00001,ROADWAY,6201 E HIGHWAY 290,AUSTIN,TX,78723,227,48,72004.18,70409.19
32051316860,DIAMOND MANAGEMENT LLC,2900 N INTERSTATE 35,AUSTIN,TX,78705,227,00001,RODEWAY INN UNIVERSITY,2900 N INTERSTATE 35,AUSTIN,TX,78705,227,49,45452.93,40470.77
32050547820,SAM BALABON,3225 SMOKY RDG,AUSTIN,TX,78730,227,00001,SAM BALABON,3225 SMOKY RDG,AUSTIN,TX,78730,227,4,11100.0,11100.0
17427656214,"LUCE, INC.",1316 S CONGRESS AVE,AUSTIN,TX,78704,227,00001,SAN JOSE MOTEL,1316 S CONGRESS AVE,AUSTIN,TX,78704,227,40,0.0,0.0
32045265546,JUDY C WALSH,2000 PARKWAY,AUSTIN,TX,78703,227,00002,SATURDAY VACATION RENTALS,1213 PARKWAY,AUSTIN,TX,78703,227,2,7081.85,7081.85
32045265546,JUDY C WALSH,2000 PARKWAY,AUSTIN,TX,78703,227,00004,SATURDAY VACATION RENTALS,1513 TRAVIS HEIGHTS BLVD,AUSTIN,TX,78704,227,2,7207.64,2316.25
32053159953,SCREEN SILVER HOTEL LLC,555 E 5TH ST APT 2811,AUSTIN,TX,78701,227,00001,SCREEN SILVER HOTEL LLC,555 E 5TH ST APT 2811,AUSTIN,TX,78701,227,12,9148.0,9148.0
32043490237,VACATIONCAKE LLC,1709 BLUEBONNET LN,AUSTIN,TX,78704,227,00055,SEVENTH HAVEN,505 W 7TH ST APT 204,AUSTIN,TX,78701,227,4,0.0,0.0
32041599203,SHARON K WALKER,906 DANIEL DR,AUSTIN,TX,78704,227,00001,SHARON K WALKER,906 DANIEL DR,AUSTIN,TX,78704,227,1,2000.0,2000.0
32054106300,"AUSTIN CAPITOL HOTEL OPERATOR, INC.",701 E 11TH ST,AUSTIN,TX,78701,227,00002,SHERATON AUSTIN HOTEL AT THE CAPITOL,701 E 11TH ST,AUSTIN,TX,78701,227,365,1352860.0,1223359.0
12004877945,"BERNHARDT PROPERTIES I, LTD.",3939 BEE CAVES RD STE C100,W LAKE HILLS,TX,78746,227,00006,SHOAL CREEK,1101 SHOAL CREEK BLVD APT 4,AUSTIN,TX,78701,227,4,0.0,0.0
32047087575,SORA HOSPITALITY INC.,14004 OWEN TECH BLVD,AUSTIN,TX,78728,227,00001,SLEEP INN & SUITES,14004 OWEN TECH BLVD,AUSTIN,TX,78728,227,55,100510.64,92904.1
32046105469,"DDEMP & DBUCK, LLC",6677 W THUNDERBIRD RD STE J176,GLENDALE,AZ,85306,000,00001,SLEEP INN & SUITES OF AUSTIN,8410 E HIGHWAY 290,AUSTIN,TX,78724,227,82,151256.83,137874.04
32052153940,EMERSON GUEST PROPERTIES LLC,707 JOSEPHINE ST,AUSTIN,TX,78704,227,00036,SOUTH RIVER CONDO,1202 NEWNING AVE APT 309,AUSTIN,TX,78704,227,1,4409.69,4409.69
12047854463,"RLJ II - S AUSTIN N LESSEE, LP",701 E 83RD AVE,MERRILLVILLE,IN,46410,000,00001,SPRINGHILL SUITES BY MARRIOTT - AUSTIN NORTH,12520 N IH 35,AUSTIN,TX,78753,227,132,416829.77,397134.33
12048193234,"RLJ II - S AUSTIN S LESSEE, LP",701 E 83RD AVE,MERRILLVILLE,IN,46410,000,00001,SPRINGHILL SUITES BY MARRIOTT - AUSTIN SOUTH,4501 S IH 35,AUSTIN,TX,78744,227,152,501457.46,419482.62
17428754703,H.G.P.--AUSTIN CORP.,10936 STONELAKE BLVD,AUSTIN,TX,78759,227,00001,SPRINGHILL SUITES MARRIOTT,10936 STONELAKE BLVD,AUSTIN,TX,78759,227,107,311798.74,278570.74
12039797241,"AUSTIN BED AND BREAKFASTS, LP",611 W 22ND ST,AUSTIN,TX,78705,227,00001,STAR OF TEXAS INN,611 W 22ND ST,AUSTIN,TX,78705,227,9,34473.79,27158.79
32029164566,"AUSTIN AIRPORT SUITES, LLC",1611 AIRPORT COMMERCE DR,AUSTIN,TX,78741,227,00001,STAYBRIDGE SUITES AUSTIN AIRPORT,1611 AIRPORT COMMERCE DR,AUSTIN,TX,78741,227,161,426364.6,325831.83
12021319483,"HPT TRS IHG-2, INC.",11580 GREAT OAKS WAY,ALPHARETTA,GA,30022,000,00020,STAYBRIDGE SUITES AUSTIN ARBORETUM,10201 STONELAKE BLVD,AUSTIN,TX,78759,227,121,451207.16,254672.82
32033948988,"EXCEL AUSTIN 183, LLC",10660 SCRIPPS RANCH BLVD STE 100,SAN DIEGO,CA,92131,000,00001,STAYBRIDGE SUITES AUSTINNW,13087 N HIGHWAY 183,AUSTIN,TX,78750,246,80,225457.74,166502.26
32052153940,EMERSON GUEST PROPERTIES LLC,707 JOSEPHINE ST,AUSTIN,TX,78704,227,00019,STRATFORD WOODS,2909 STRATFORD DR,AUSTIN,TX,78746,227,5,13742.33,13742.33
32048932076,G6 HOSPITALITY PROPERTY LLC,4001 INTERNATIONAL PKWY,CARROLLTON,TX,75007,061,00054,STUDIO 6 #6032,11901 PAVILION BLVD,AUSTIN,TX,78759,227,133,165606.16,73632.46
32048932076,G6 HOSPITALITY PROPERTY LLC,4001 INTERNATIONAL PKWY,CARROLLTON,TX,75007,061,00055,STUDIO 6 #6033,6033 N IH 35,AUSTIN,TX,78723,227,145,192737.94,98582.49
32037025429,"RLJ III-SF AUSTIN LESSEE, LP",701 E 83RD AVE,MERRILLVILLE,IN,46410,000,00001,SUMMERFIELD HOTEL - AUSTIN,10001 N CAPITAL OF TEXAS HWY,AUSTIN,TX,78759,227,155,439145.96,416825.23
32040418470,VALENTINA VALE,1610 BAUERLE AVE,AUSTIN,TX,78704,227,00002,SUN ROOM STUDIO,1610 BAUERLE AVE,AUSTIN,TX,78704,227,1,1314.0,1314.0
12014495266,"SDR HOSPITALITY, INC.",1201 N INTERSTATE 35,AUSTIN,TX,78702,227,00001,SUPER 8 CENTRAL,1201 N IH 35,AUSTIN,TX,78702,227,60,142314.05,140513.33
12049843647,ALYNA EAST HOTEL MANAGEMENT LLC,10924 VANCE JACKSON RD STE 404,SAN ANTONIO,TX,78230,015,00001,SUPER 8 MOTEL,5526 N I H 35,AUSTIN,TX,78751,227,140,247458.73,242846.78
12054822460,"LONGHORN HOTELS, LP",3120 MONTOPOLIS DR,AUSTIN,TX,78744,227,00001,SUPER 8 MOTEL - 183 AIRPORT,5606 E 51ST ST,AUSTIN,TX,78723,227,62,124600.32,118644.83
18000835043,"MOTEL 2 STAY, LP",3120 MONTOPOLIS DR,AUSTIN,TX,78744,227,00002,SUPER 8 MOTEL AUSTIN AIRPORT SOUTH,3120 MONTOPOLIS DR,AUSTIN,TX,78744,227,36,89740.39,89031.67
32019592784,"SARI ASSOCIATES, LLC",3755 SAVONA CT,CHINO,CA,91710,000,00001,SUPER-8 MOTEL,8128 N I H 35,AUSTIN,TX,78753,227,123,198350.26,198350.26
17428603918,NCLW COMPANY INC,5855 SOVEREIGN DR STE A,HOUSTON,TX,77036,101,00001,TEXAS MOTEL,6702 N LAMAR BLVD,AUSTIN,TX,78752,227,25,15523.69,9148.69
32043490237,VACATIONCAKE LLC,1709 BLUEBONNET LN,AUSTIN,TX,78704,227,00057,THE AUST-E,2408 SANTA RITA ST,AUSTIN,TX,78702,227,6,0.0,0.0
32043490237,VACATIONCAKE LLC,1709 BLUEBONNET LN,AUSTIN,TX,78704,227,00049,THE AUSTINITE,2906B WESTHILL DR,AUSTIN,TX,78704,227,6,2026.0,0.0
32052153940,EMERSON GUEST PROPERTIES LLC,707 JOSEPHINE ST,AUSTIN,TX,78704,227,00033,THE B HIVE,4314 AVENUE H,AUSTIN,TX,78751,227,2,0.0,0.0
32043649048,ACC OP (WEST CAMPUS) LLC,12700 HILL COUNTRY BLVD STE T-200,AUSTIN,TX,78738,227,00002,THE CALLWAY HOUSE AUSTIN,505 W 22ND ST,AUSTIN,TX,78705,227,753,155032.22,49764.0
32041901482,"SOLIDAGO, LLC",211 E 7TH ST STE 620,AUSTIN,TX,78701,227,00001,THE CROSSINGS,13500 FM 2769,AUSTIN,TX,78726,227,70,0.0,0.0
32043490237,VACATIONCAKE LLC,1709 BLUEBONNET LN,AUSTIN,TX,78704,227,00047,THE DOUBLE VIEW,2202B TRAILSIDE DR,AUSTIN,TX,78704,227,6,5613.6,0.0
32043490237,VACATIONCAKE LLC,1709 BLUEBONNET LN,AUSTIN,TX,78704,227,00014,THE GARNER HOUSE AND STUDIO,900 GARNER AVE,AUSTIN,TX,78704,227,1,570.0,0.0
32043490237,VACATIONCAKE LLC,1709 BLUEBONNET LN,AUSTIN,TX,78704,227,00048,THE GROVE,2506 BRIARGROVE DR,AUSTIN,TX,78704,227,6,0.0,0.0
32043490237,VACATIONCAKE LLC,1709 BLUEBONNET LN,AUSTIN,TX,78704,227,00041,THE HOUSE OF ROCK,402 S PARK DR,AUSTIN,TX,78704,227,6,3414.75,1245.0
32010174012,JILL A BICKFORD,809 W MARTIN LUTHER KING JR BLVD,AUSTIN,TX,78701,227,00002,THE INN AT PEARL ST,809 W MLK,AUSTIN,TX,78701,227,5,25166.44,25166.44
32052153940,EMERSON GUEST PROPERTIES LLC,707 JOSEPHINE ST,AUSTIN,TX,78704,227,00034,THE NEST,1407 ALTA VISTA AVE # A,AUSTIN,TX,78704,227,2,2600.37,2600.37
12034590369,"RESORT RENTAL, LLC",22 SYLVAN WAY C/O WYNDHAM WORLDWIDE,PARSIPPANY,NJ,07054,000,00044,THE OWNER'S CLUB AT BARTON CREEK,8212 BARTON CLUB DR,AUSTIN,TX,78735,227,1,275.0,275.0
17527414654,THE OWNERS CLUB AT BARTON CREEK OWNERS ASSOCIATION,8212 BARTON CLUB DR,AUSTIN,TX,78735,227,00001,THE OWNERS CLUB AT BARTON CREEK,8212 BARTON CLUB DR,AUSTIN,TX,78735,227,23,1063.21,1063.21
17520456264,CAPITOL OF TEXAS INSURANCE GROUP INC.,6300 FM 2244 RD BLDG TWO STE 500,AUSTIN,TX,78746,227,00005,THE RADISSON HOTEL,111 E CESAR CHAVEZ ST,AUSTIN,TX,78701,227,283,1341534.0,1221000.67
32043490237,VACATIONCAKE LLC,1709 BLUEBONNET LN,AUSTIN,TX,78704,227,00013,THE RAILYARD,201 E 4TH ST APT 253,AUSTIN,TX,78701,227,1,9320.0,0.0
32043490237,VACATIONCAKE LLC,1709 BLUEBONNET LN,AUSTIN,TX,78704,227,00037,THE SNORE HOUSE,105 W 45TH ST,AUSTIN,TX,78751,227,1,0.0,0.0
32043490237,VACATIONCAKE LLC,1709 BLUEBONNET LN,AUSTIN,TX,78704,227,00025,THE TRAVELER,3200 WESTHILL DR UNIT A,AUSTIN,TX,78704,227,1,3633.44,0.0
32043490237,VACATIONCAKE LLC,1709 BLUEBONNET LN,AUSTIN,TX,78704,227,00026,THE TRAVELLER UNIT B,3200 WESTHILL DR UNIT B,AUSTIN,TX,78704,227,1,0.0,0.0
32043490237,VACATIONCAKE LLC,1709 BLUEBONNET LN,AUSTIN,TX,78704,227,00003,THE WESTROCK,2330 WESTROCK DR,AUSTIN,TX,78704,227,1,6237.5,0.0
32052153940,EMERSON GUEST PROPERTIES LLC,707 JOSEPHINE ST,AUSTIN,TX,78704,227,00017,THE ZACH SCOTT,2217 ZACH SCOTT ST,AUSTIN,TX,78723,227,2,2785.5,1349.82
32044862210,"GVM TPS AUSTIN, LLC",13647 MONTFORT DR,DALLAS,TX,75240,057,00001,TOWNEPLACE SUITES AUSTIN NORTHWEST,10024 N CAPITAL OF TEXAS HWY,AUSTIN,TX,78759,227,127,337281.0,194603.9
32041758957,"GREEN TEA, LLC",13500 FM 2769,AUSTIN,TX,78726,227,00002,TRAVAASA AUSTIN,13500 FM 2769,AUSTIN,TX,78726,227,70,640040.3,640040.3
32019538431,"KRUPARU INVESTMENTS, LLC",6200 MIDDLE FISKVILLE RD,AUSTIN,TX,78752,227,00001,TRAVELODGE HIGHLAND MALL,6200 MIDDLE FISKVILLE RD,AUSTIN,TX,78752,227,80,68172.55,68172.55
32049933412,"TURNKEY VACATION RENTALS, INC.",3006 BEE CAVES RD STE D310,AUSTIN,TX,78746,227,00014,TURNKEY VACATION RENTALS,1406 S 3RD ST,AUSTIN,TX,78704,227,2,0.0,0.0
32049933412,"TURNKEY VACATION RENTALS, INC.",3006 BEE CAVES RD STE D310,AUSTIN,TX,78746,227,00015,TURNKEY VACATION RENTALS,1503 SUNSET LN,AUSTIN,TX,78704,227,4,0.0,0.0
32049933412,"TURNKEY VACATION RENTALS, INC.",3006 BEE CAVES RD STE D310,AUSTIN,TX,78746,227,00016,TURNKEY VACATION RENTALS,15100 GENERAL WILLIAMSON DR,AUSTIN,TX,78734,227,4,9703.3,9703.3
32049933412,"TURNKEY VACATION RENTALS, INC.",3006 BEE CAVES RD STE D310,AUSTIN,TX,78746,227,00017,TURNKEY VACATION RENTALS,1806 S 2ND ST,AUSTIN,TX,78704,227,1,731.2,731.2
32049933412,"TURNKEY VACATION RENTALS, INC.",3006 BEE CAVES RD STE D310,AUSTIN,TX,78746,227,00018,TURNKEY VACATION RENTALS,2009 E 10TH ST,AUSTIN,TX,78702,227,3,0.0,0.0
32049933412,"TURNKEY VACATION RENTALS, INC.",3006 BEE CAVES RD STE D310,AUSTIN,TX,78746,227,00019,TURNKEY VACATION RENTALS,2014 PAYNE AVE,AUSTIN,TX,78757,227,2,867.78,867.78
32049933412,"TURNKEY VACATION RENTALS, INC.",3006 BEE CAVES RD STE D310,AUSTIN,TX,78746,227,00020,TURNKEY VACATION RENTALS,206 E SKYVIEW RD,AUSTIN,TX,78752,227,3,1883.88,1883.88
32049933412,"TURNKEY VACATION RENTALS, INC.",3006 BEE CAVES RD STE D310,AUSTIN,TX,78746,227,00022,TURNKEY VACATION RENTALS,2112 BRACKENRIDGE ST,AUSTIN,TX,78704,227,2,0.0,0.0
32049933412,"TURNKEY VACATION RENTALS, INC.",3006 BEE CAVES RD STE D310,AUSTIN,TX,78746,227,00024,TURNKEY VACATION RENTALS,2309 E 10TH ST,AUSTIN,TX,78702,227,3,1422.25,1422.25
32049933412,"TURNKEY VACATION RENTALS, INC.",3006 BEE CAVES RD STE D310,AUSTIN,TX,78746,227,00025,TURNKEY VACATION RENTALS,2902 FRENCH PL,AUSTIN,TX,78722,227,2,2824.26,2824.26
32049933412,"TURNKEY VACATION RENTALS, INC.",3006 BEE CAVES RD STE D310,AUSTIN,TX,78746,227,00026,TURNKEY VACATION RENTALS,301 E 4TH ST APT 302,AUSTIN,TX,78701,227,2,2419.53,2419.53
32049933412,"TURNKEY VACATION RENTALS, INC.",3006 BEE CAVES RD STE D310,AUSTIN,TX,78746,227,00027,TURNKEY VACATION RENTALS,301 E 4TH ST APT 334,AUSTIN,TX,78701,227,3,4166.82,4166.82
32049933412,"TURNKEY VACATION RENTALS, INC.",3006 BEE CAVES RD STE D310,AUSTIN,TX,78746,227,00028,TURNKEY VACATION RENTALS,3306 OAKMONT BLVD,AUSTIN,TX,78703,227,2,0.0,0.0
32049933412,"TURNKEY VACATION RENTALS, INC.",3006 BEE CAVES RD STE D310,AUSTIN,TX,78746,227,00030,TURNKEY VACATION RENTALS,5806 WOODROW AVE,AUSTIN,TX,78756,227,3,992.35,992.35
32049933412,"TURNKEY VACATION RENTALS, INC.",3006 BEE CAVES RD STE D310,AUSTIN,TX,78746,227,00033,TURNKEY VACATION RENTALS,2520B E 4TH ST,AUSTIN,TX,78702,227,1,320.0,320.0
32049933412,"TURNKEY VACATION RENTALS, INC.",3006 BEE CAVES RD STE D310,AUSTIN,TX,78746,227,00097,TURNKEY VACATION RENTALS,1001 W 17TH ST,AUSTIN,TX,78701,227,5,9044.0,9044.0
32049933412,"TURNKEY VACATION RENTALS, INC.",3006 BEE CAVES RD STE D310,AUSTIN,TX,78746,227,00098,TURNKEY VACATION RENTALS,1106 W 6TH ST,AUSTIN,TX,78703,227,2,2507.39,2507.39
32049933412,"TURNKEY VACATION RENTALS, INC.",3006 BEE CAVES RD STE D310,AUSTIN,TX,78746,227,00099,TURNKEY VACATION RENTALS,1415 NEWTON ST,AUSTIN,TX,78704,227,1,3216.96,3216.96
32049933412,"TURNKEY VACATION RENTALS, INC.",3006 BEE CAVES RD STE D310,AUSTIN,TX,78746,227,00100,TURNKEY VACATION RENTALS,4100 SANDY ACRE LN,AUSTIN,TX,78746,227,2,1264.32,1264.32
32049933412,"TURNKEY VACATION RENTALS, INC.",3006 BEE CAVES RD STE D310,AUSTIN,TX,78746,227,00126,TURNKEY VACATION RENTALS,508 E 53RD ST UNIT 201,AUSTIN,TX,78751,227,1,0.0,0.0
32049933412,"TURNKEY VACATION RENTALS, INC.",3006 BEE CAVES RD STE D310,AUSTIN,TX,78746,227,00141,TURNKEY VACATION RENTALS,1702 TAYLOR GAINES ST APT B,AUSTIN,TX,78741,227,3,1824.39,1824.39
32049933412,"TURNKEY VACATION RENTALS, INC.",3006 BEE CAVES RD STE D310,AUSTIN,TX,78746,227,00143,TURNKEY VACATION RENTALS,1804 W 6TH ST,AUSTIN,TX,78703,227,3,1964.0,1964.0
32049933412,"TURNKEY VACATION RENTALS, INC.",3006 BEE CAVES RD STE D310,AUSTIN,TX,78746,227,00144,TURNKEY VACATION RENTALS,1805 EVERGREEN AVE,AUSTIN,TX,78704,227,1,1467.29,1467.29
32049933412,"TURNKEY VACATION RENTALS, INC.",3006 BEE CAVES RD STE D310,AUSTIN,TX,78746,227,00148,TURNKEY VACATION RENTALS,201 E 4TH ST APT 209,AUSTIN,TX,78701,227,1,2992.58,2992.58
32049933412,"TURNKEY VACATION RENTALS, INC.",3006 BEE CAVES RD STE D310,AUSTIN,TX,78746,227,00149,TURNKEY VACATION RENTALS,201 E 4TH ST APT 245,AUSTIN,TX,78701,227,1,2462.86,2462.86
32049933412,"TURNKEY VACATION RENTALS, INC.",3006 BEE CAVES RD STE D310,AUSTIN,TX,78746,227,00152,TURNKEY VACATION RENTALS,2100 RABB GLEN ST,AUSTIN,TX,78704,227,3,2486.4,2486.4
32049933412,"TURNKEY VACATION RENTALS, INC.",3006 BEE CAVES RD STE D310,AUSTIN,TX,78746,227,00153,TURNKEY VACATION RENTALS,14255 HUNTERS PASS,AUSTIN,TX,78734,227,3,5499.28,5499.28
32049933412,"TURNKEY VACATION RENTALS, INC.",3006 BEE CAVES RD STE D310,AUSTIN,TX,78746,227,00154,TURNKEY VACATION RENTALS,2105 BIG HORN DR,AUSTIN,TX,78734,227,5,10791.0,10791.0
32049933412,"TURNKEY VACATION RENTALS, INC.",3006 BEE CAVES RD STE D310,AUSTIN,TX,78746,227,00157,TURNKEY VACATION RENTALS,2843 SHOAL CREST AVE,AUSTIN,TX,78705,227,2,1112.55,1112.55
32049933412,"TURNKEY VACATION RENTALS, INC.",3006 BEE CAVES RD STE D310,AUSTIN,TX,78746,227,00158,TURNKEY VACATION RENTALS,2933 HIGGINS ST,AUSTIN,TX,78722,227,2,0.0,0.0
32049933412,"TURNKEY VACATION RENTALS, INC.",3006 BEE CAVES RD STE D310,AUSTIN,TX,78746,227,00160,TURNKEY VACATION RENTALS,124 CUMBERLAND RD,AUSTIN,TX,78704,227,3,2956.56,2956.56
32049933412,"TURNKEY VACATION RENTALS, INC.",3006 BEE CAVES RD STE D310,AUSTIN,TX,78746,227,00161,TURNKEY VACATION RENTALS,1106 W 6TH ST APT 301,AUSTIN,TX,78703,227,2,5494.44,5494.44
32049933412,"TURNKEY VACATION RENTALS, INC.",3006 BEE CAVES RD STE D310,AUSTIN,TX,78746,227,00162,TURNKEY VACATION RENTALS,1407 NEWFIELD LN,AUSTIN,TX,78703,227,3,5753.37,5753.37
32049933412,"TURNKEY VACATION RENTALS, INC.",3006 BEE CAVES RD STE D310,AUSTIN,TX,78746,227,00164,TURNKEY VACATION RENTALS,7316 EASY WIND DR,AUSTIN,TX,78757,227,3,0.0,0.0
32049933412,"TURNKEY VACATION RENTALS, INC.",3006 BEE CAVES RD STE D310,AUSTIN,TX,78746,227,00165,TURNKEY VACATION RENTALS,1112 ROBERT E LEE RD,AUSTIN,TX,78704,227,4,0.0,0.0
32049933412,"TURNKEY VACATION RENTALS, INC.",3006 BEE CAVES RD STE D310,AUSTIN,TX,78746,227,00166,TURNKEY VACATION RENTALS,1510 W 6TH ST APT 103,AUSTIN,TX,78703,227,1,1963.29,1963.29
32049933412,"TURNKEY VACATION RENTALS, INC.",3006 BEE CAVES RD STE D310,AUSTIN,TX,78746,227,00167,TURNKEY VACATION RENTALS,15319 TEXAS ST,AUSTIN,TX,78734,227,3,8321.34,8321.34
32049933412,"TURNKEY VACATION RENTALS, INC.",3006 BEE CAVES RD STE D310,AUSTIN,TX,78746,227,00168,TURNKEY VACATION RENTALS,1709 GILES ST,AUSTIN,TX,78722,227,2,1093.93,1093.93
32049933412,"TURNKEY VACATION RENTALS, INC.",3006 BEE CAVES RD STE D310,AUSTIN,TX,78746,227,00170,TURNKEY VACATION RENTALS,2204 E 13TH ST UNIT A,AUSTIN,TX,78702,227,5,4069.78,4069.78
32049933412,"TURNKEY VACATION RENTALS, INC.",3006 BEE CAVES RD STE D310,AUSTIN,TX,78746,227,00171,TURNKEY VACATION RENTALS,2311 KINNEY RD,AUSTIN,TX,78704,227,3,4055.98,4055.98
32049933412,"TURNKEY VACATION RENTALS, INC.",3006 BEE CAVES RD STE D310,AUSTIN,TX,78746,227,00172,TURNKEY VACATION RENTALS,606 FLETCHER ST,AUSTIN,TX,78704,227,1,1092.91,1092.91
32049933412,"TURNKEY VACATION RENTALS, INC.",3006 BEE CAVES RD STE D310,AUSTIN,TX,78746,227,00175,TURNKEY VACATION RENTALS,803 W OLTORF ST,AUSTIN,TX,78704,227,1,1743.27,1743.27
32049933412,"TURNKEY VACATION RENTALS, INC.",3006 BEE CAVES RD STE D310,AUSTIN,TX,78746,227,00183,TURNKEY VACATION RENTALS,6916 BARSTOW CT,AUSTIN,TX,78749,227,3,2186.39,2186.39
32049933412,"TURNKEY VACATION RENTALS, INC.",3006 BEE CAVES RD STE D310,AUSTIN,TX,78746,227,00184,TURNKEY VACATION RENTALS,17237 ROCKY RIDGE RD,AUSTIN,TX,78734,227,5,13933.9,13933.9
32049933412,"TURNKEY VACATION RENTALS, INC.",3006 BEE CAVES RD STE D310,AUSTIN,TX,78746,227,00118,TURNKEY VACATION RENTALS LLC,311 W MARY ST,AUSTIN,TX,78704,227,2,1868.54,1868.54
32049933412,"TURNKEY VACATION RENTALS, INC.",3006 BEE CAVES RD STE D310,AUSTIN,TX,78746,227,00122,TURNKEY VACATION RENTALS LLC,4220 MARATHON BLVD,AUSTIN,TX,78756,227,3,0.0,0.0
32049933412,"TURNKEY VACATION RENTALS, INC.",3006 BEE CAVES RD STE D310,AUSTIN,TX,78746,227,00123,TURNKEY VACATION RENTALS LLC,4609 OAKMONT BLVD,AUSTIN,TX,78731,227,4,7648.42,7648.42
32049933412,"TURNKEY VACATION RENTALS, INC.",3006 BEE CAVES RD STE D310,AUSTIN,TX,78746,227,00124,TURNKEY VACATION RENTALS LLC,500 ACADEMY DR,AUSTIN,TX,78704,227,2,2240.81,2240.81
32049933412,"TURNKEY VACATION RENTALS, INC.",3006 BEE CAVES RD STE D310,AUSTIN,TX,78746,227,00127,TURNKEY VACATION RENTALS LLC,5910 HUDSON BEND RD,AUSTIN,TX,78734,227,3,0.0,0.0
32049933412,"TURNKEY VACATION RENTALS, INC.",3006 BEE CAVES RD STE D310,AUSTIN,TX,78746,227,00128,TURNKEY VACATION RENTALS LLC,608 E 41ST ST,AUSTIN,TX,78751,227,3,2660.75,2660.75
32049933412,"TURNKEY VACATION RENTALS, INC.",3006 BEE CAVES RD STE D310,AUSTIN,TX,78746,227,00138,TURNKEY VACATION RENTALS LLC,12055 LINCOLNSHIRE DR,AUSTIN,TX,78758,227,4,0.0,0.0
32049933412,"TURNKEY VACATION RENTALS, INC.",3006 BEE CAVES RD STE D310,AUSTIN,TX,78746,227,00038,TURNKEY VACTION RENTALS,1101 ENFIELD RD,AUSTIN,TX,78703,227,3,0.0,0.0
32049933412,"TURNKEY VACATION RENTALS, INC.",3006 BEE CAVES RD STE D310,AUSTIN,TX,78746,227,00039,"TURNKEY VATIONS RENTALS, LLC",1118 BLUEBONNET LN,AUSTIN,TX,78704,227,4,0.0,0.0
32051159526,"UTGCC 1, LLC",2200 UNIVERSITY CLUB DR,AUSTIN,TX,78732,227,00001,"UTGCC 1, LLC",2210 UNIVERSITY CLUB DR,AUSTIN,TX,78732,227,4,12000.0,12000.0
32051793308,WOODSPRING SUITES AUSTIN TX NORTHWEST LLC,8621 E 21ST ST N STE 250,WICHITA,KS,67206,000,00001,VALUE PLACE,13689 N HIGHWAY 183,AUSTIN,TX,78750,246,113,123876.15,26965.65
32038979772,"WCP AUSTIN PARTNERS, LLC",5949 SHERRY LN STE 1225,DALLAS,TX,75225,057,00002,VALUE PLACE - AUSTIN BRAKER,11105 N INTERSTATE 35 BLDG A,AUSTIN,TX,78753,227,121,155393.55,68693.38
32018561467,BRANDON J HEINLEY,1203 W 9TH ST,AUSTIN,TX,78703,227,00005,VERDE CAMP,1505 DRAKE AVE,AUSTIN,TX,78704,227,5,18495.34,18495.34
13714689554,"CN, L.L.C.",3012 S CONGRESS AVE,AUSTIN,TX,78704,227,00001,VILLAGE MOTOR INN,3012 S CONGRESS AVE,AUSTIN,TX,78704,227,37,30035.0,15273.79
12081332194,"LAKEVIEW HOSPITALITY, LLC",4209 ECK LN,AUSTIN,TX,78734,227,00001,VINTAGE VILLAS,4209 ECK LN,AUSTIN,TX,78734,227,43,70815.93,70815.93
32051474040,"WESAUS, LLC",701 E 83RD AVE,MERRILLVILLE,IN,46410,000,00002,WESTIN AUSTIN DOWNTOWN,301 E 5TH ST,AUSTIN,TX,78701,227,366,362530.95,362530.95
32037841908,"SWD OPERATING COMPANY, LLC",701 E 83RD AVE,MERRILLVILLE,IN,46410,000,00001,WESTIN HOTEL AT DOMAIN,11301 DOMAIN DR,AUSTIN,TX,78758,227,340,1331681.13,1276156.73
15421681386,"WIMBERLEY TWIN LIONS, INC.",5707 COSTAS CV,AUSTIN,TX,78759,227,00001,WIMBERLEY INN,200 FM 3237,AUSTIN,TX,78676,105,19,31203.55,31037.55
17426014811,"BRYAN ADAMS & CO., INC.",PO BOX 341929,AUSTIN,TX,78734,227,00014,WOT-150,150 WORLD OF TENNIS,AUSTIN,TX,78738,227,1,2200.0,2200.0
17426014811,"BRYAN ADAMS & CO., INC.",PO BOX 341929,AUSTIN,TX,78734,227,00040,WOT-160,160 WORLD OF TENNIS,AUSTIN,TX,78738,227,1,3660.0,3660.0
17426014811,"BRYAN ADAMS & CO., INC.",PO BOX 341929,AUSTIN,TX,78734,227,00038,WOT-197,197 WORLD OF TENNIS,AUSTIN,TX,78738,227,1,2500.0,0.0
32039476448,RASMUSSEN JOEL & DANI LIVING TRUST,PO BOX 3089 C/O HOTSPOT TAX SERVICES,GREENWOOD VLG,CO,80155,000,00004,YELLOW DOOR,1103B REAGAN TER,AUSTIN,TX,78704,227,1,1274.0,1274.0
32052153940,EMERSON GUEST PROPERTIES LLC,707 JOSEPHINE ST,AUSTIN,TX,78704,227,00035,ZILKER NEST,1818 DYWER AVE,AUSTIN,TX,78704,227,3,0.0,0.0
32041954523,CARY S REYNOLDS,803 BARTON BLVD,AUSTIN,TX,78704,227,00001,ZILKER VACATIONS,2204 TRAILSIDE DR,AUSTIN,TX,78704,227,5,13605.06,11355.06
32041954523,CARY S REYNOLDS,803 BARTON BLVD,AUSTIN,TX,78704,227,00003,ZILKER VACATIONS,2307 TRAILSIDE DR,AUSTIN,TX,78704,227,1,4963.0,4963.0
32041954523,CARY S REYNOLDS,803 BARTON BLVD,AUSTIN,TX,78704,227,00004,ZILKER VACATIONS,2305 TRAILSIDE DR,AUSTIN,TX,78704,227,1,3176.0,3176.0
32052153940,EMERSON GUEST PROPERTIES LLC,707 JOSEPHINE ST,AUSTIN,TX,78704,227,00024,ZILKER ZEN,1612 HETHER ST,AUSTIN,TX,78704,227,1,2958.57,2958.57
32049933412,"TURNKEY VACATION RENTALS, INC.",3006 BEE CAVES RD STE D310,AUSTIN,TX,78746,227,00268,1002 JEWEL ST A,1002 JEWELL ST STE A,AUSTIN,TX,78704,227,2,0.0,0.0
32049933412,"TURNKEY VACATION RENTALS, INC.",3006 BEE CAVES RD STE D310,AUSTIN,TX,78746,227,00186,1002 WILLOW ST,1002 WILLOW ST,AUSTIN,TX,78702,227,1,1908.64,1908.64
32052153940,EMERSON GUEST PROPERTIES LLC,707 JOSEPHINE ST,AUSTIN,TX,78704,227,00032,1008 BRENTWOOD COTTAGE,1008 BRENTWOOD ST,AUSTIN,TX,78757,227,3,0.0,0.0
32049933412,"TURNKEY VACATION RENTALS, INC.",3006 BEE CAVES RD STE D310,AUSTIN,TX,78746,227,00090,1011 BLANCO,1011 BLANCO ST,AUSTIN,TX,78703,227,3,1594.36,1594.36
32049933412,"TURNKEY VACATION RENTALS, INC.",3006 BEE CAVES RD STE D310,AUSTIN,TX,78746,227,00008,10202 WOMMACK,10202 WOMMACK RD,AUSTIN,TX,78748,227,1,5994.0,5994.0
32049933412,"TURNKEY VACATION RENTALS, INC.",3006 BEE CAVES RD STE D310,AUSTIN,TX,78746,227,00220,1034 E 44TH ST,1034 E 44TH ST,AUSTIN,TX,78751,227,2,1878.69,1878.69
32049933412,"TURNKEY VACATION RENTALS, INC.",3006 BEE CAVES RD STE D310,AUSTIN,TX,78746,227,00187,107 MONROE ST,107 W MONROE ST,AUSTIN,TX,78704,227,2,3705.31,3705.31
32044174236,PETE GILCREASE,4002 DUVAL ST APT A,AUSTIN,TX,78751,227,00003,108 E. 48TH ST.,108 E 48TH ST,AUSTIN,TX,78751,227,4,0.0,0.0
32049933412,"TURNKEY VACATION RENTALS, INC.",3006 BEE CAVES RD STE D310,AUSTIN,TX,78746,227,00042,110 W LIVE OAK ST,110 W LIVE OAK ST,AUSTIN,TX,78704,227,2,2027.38,2027.38
32049933412,"TURNKEY VACATION RENTALS, INC.",3006 BEE CAVES RD STE D310,AUSTIN,TX,78746,227,00010,1102 UPLAND DR,1102 UPLAND DR,AUSTIN,TX,78741,227,2,2247.76,2247.76
32049933412,"TURNKEY VACATION RENTALS, INC.",3006 BEE CAVES RD STE D310,AUSTIN,TX,78746,227,00081,1105 INLAND GREENS,1105 INLAND GRN,AUSTIN,TX,78758,227,3,1407.88,1407.88
32049933412,"TURNKEY VACATION RENTALS, INC.",3006 BEE CAVES RD STE D310,AUSTIN,TX,78746,227,00270,1111 E 31ST,1111 E 31ST ST,AUSTIN,TX,78722,227,5,1985.78,1985.78
32049933412,"TURNKEY VACATION RENTALS, INC.",3006 BEE CAVES RD STE D310,AUSTIN,TX,78746,227,00271,1111 WEST 12TH UNIT 110,1111 W 12TH ST APT 110,AUSTIN,TX,78703,227,3,0.0,0.0
32049933412,"TURNKEY VACATION RENTALS, INC.",3006 BEE CAVES RD STE D310,AUSTIN,TX,78746,227,00242,"1114 S 5TH.,AUSTIN,TX 78704",1114 S 5TH ST,AUSTIN,TX,78704,227,3,1226.56,1226.56
32049933412,"TURNKEY VACATION RENTALS, INC.",3006 BEE CAVES RD STE D310,AUSTIN,TX,78746,227,00272,1114 WOODLAND AVE,1114 WOODLAND AVE,AUSTIN,TX,78704,227,3,3042.61,3042.61
32020711407,"112 ACADEMY, LLC",1402 E CESAR CHAVEZ ST STE 100,AUSTIN,TX,78702,227,00002,"112 ACADEMY, LLC",112 ACADEMY DR,AUSTIN,TX,78704,227,14,172463.83,172463.83
32049933412,"TURNKEY VACATION RENTALS, INC.",3006 BEE CAVES RD STE D310,AUSTIN,TX,78746,227,00043,11301 D K RANCH RD,11301 D K RANCH RD,AUSTIN,TX,78759,227,3,3594.79,3594.79
32049933412,"TURNKEY VACATION RENTALS, INC.",3006 BEE CAVES RD STE D310,AUSTIN,TX,78746,227,00109,1200 PAYNE AVE,1200 PAYNE AVE,AUSTIN,TX,78757,227,3,858.15,858.15
32049933412,"TURNKEY VACATION RENTALS, INC.",3006 BEE CAVES RD STE D310,AUSTIN,TX,78746,227,00264,1202 GARDEN,1202 GARDEN ST,AUSTIN,TX,78702,227,7,0.0,0.0
32049933412,"TURNKEY VACATION RENTALS, INC.",3006 BEE CAVES RD STE D310,AUSTIN,TX,78746,227,00243,1202 GARDEN ST AUSTIN TX 78702,1202 GARDEN ST,AUSTIN,TX,78702,227,7,0.0,0.0
32049933412,"TURNKEY VACATION RENTALS, INC.",3006 BEE CAVES RD STE D310,AUSTIN,TX,78746,227,00045,1212 GUADALUPE 801,1212 GUADALUPE ST APT 801,AUSTIN,TX,78701,227,1,0.0,0.0
32049933412,"TURNKEY VACATION RENTALS, INC.",3006 BEE CAVES RD STE D310,AUSTIN,TX,78746,227,00199,1301 E 3RD ST,1301 E 3RD ST,AUSTIN,TX,78702,227,2,2368.48,2368.48
32049933412,"TURNKEY VACATION RENTALS, INC.",3006 BEE CAVES RD STE D310,AUSTIN,TX,78746,227,00046,1302 DANGURY SQUARE,1302 DANBURY SQ,AUSTIN,TX,78723,227,2,3663.98,3663.98
32049933412,"TURNKEY VACATION RENTALS, INC.",3006 BEE CAVES RD STE D310,AUSTIN,TX,78746,227,00208,1305 E 6TH ST #8,1305 E 6TH ST APT 8,AUSTIN,TX,78702,227,1,1784.9,1784.9
32049933412,"TURNKEY VACATION RENTALS, INC.",3006 BEE CAVES RD STE D310,AUSTIN,TX,78746,227,00073,1309 W 9 1/2 ST,1309 W 9TH 1/2 ST,AUSTIN,TX,78703,227,3,0.0,0.0
32049933412,"TURNKEY VACATION RENTALS, INC.",3006 BEE CAVES RD STE D310,AUSTIN,TX,78746,227,00311,"134 NORTH ALISTER ST., UNIT 18",3807 HILLBROOK DR,AUSTIN,TX,78731,227,4,2546.54,2546.54
32049933412,"TURNKEY VACATION RENTALS, INC.",3006 BEE CAVES RD STE D310,AUSTIN,TX,78746,227,00313,"134 NORTH ALISTER ST, UNIT 20",609 BLANCO ST APT 207,AUSTIN,TX,78703,227,1,1707.5,1707.5
32049933412,"TURNKEY VACATION RENTALS, INC.",3006 BEE CAVES RD STE D310,AUSTIN,TX,78746,227,00001,13400 FM 1826,13400 FM 1826,AUSTIN,TX,78737,105,4,1978.46,1978.46
32049933412,"TURNKEY VACATION RENTALS, INC.",3006 BEE CAVES RD STE D310,AUSTIN,TX,78746,227,00223,1403 WESTMOOR DR,1403 WESTMOOR DR,AUSTIN,TX,78723,227,3,0.0,0.0
32049933412,"TURNKEY VACATION RENTALS, INC.",3006 BEE CAVES RD STE D310,AUSTIN,TX,78746,227,00238,"1403 WESTMOOR DR,AUSTIN,TX 78723",1403 WESTMOOR DR,AUSTIN,TX,78723,227,3,0.0,0.0
32049933412,"TURNKEY VACATION RENTALS, INC.",3006 BEE CAVES RD STE D310,AUSTIN,TX,78746,227,00245,"1405 WESTMOOR DRIVE, AUSTIN,TX 78723",1405 WESTMOOR DR,AUSTIN,TX,78723,227,2,0.0,0.0
32049933412,"TURNKEY VACATION RENTALS, INC.",3006 BEE CAVES RD STE D310,AUSTIN,TX,78746,227,00246,"1406 SOUTH 5TH ST, AUSTIN TX 78704",1406 S 5TH ST,AUSTIN,TX,78704,227,1,2570.54,2570.54
32049933412,"TURNKEY VACATION RENTALS, INC.",3006 BEE CAVES RD STE D310,AUSTIN,TX,78746,227,00189,14911 LONGBRANCH DR,14911 LONGBRANCH DR,AUSTIN,TX,78734,227,4,5307.93,5307.93
32049933412,"TURNKEY VACATION RENTALS, INC.",3006 BEE CAVES RD STE D310,AUSTIN,TX,78746,227,00087,1500 CHOQUETTE,1500 CHOQUETTE DR,AUSTIN,TX,78757,227,3,0.0,0.0
32049933412,"TURNKEY VACATION RENTALS, INC.",3006 BEE CAVES RD STE D310,AUSTIN,TX,78746,227,00190,1506 WEST 34TH STREET,1506 W 34TH ST,AUSTIN,TX,78703,227,3,491.3,491.3
32049933412,"TURNKEY VACATION RENTALS, INC.",3006 BEE CAVES RD STE D310,AUSTIN,TX,78746,227,00047,1509 TREADWELL B,1509 TREADWELL ST # B,AUSTIN,TX,78704,227,1,417.0,417.0
32049933412,"TURNKEY VACATION RENTALS, INC.",3006 BEE CAVES RD STE D310,AUSTIN,TX,78746,227,00274,15104 KEVIN LANE,15104 KEVIN LN,AUSTIN,TX,78734,227,3,0.0,0.0
32049933412,"TURNKEY VACATION RENTALS, INC.",3006 BEE CAVES RD STE D310,AUSTIN,TX,78746,227,00086,1606 E 4TH ST,1606 E 4TH ST,AUSTIN,TX,78702,227,2,0.0,0.0
32049933412,"TURNKEY VACATION RENTALS, INC.",3006 BEE CAVES RD STE D310,AUSTIN,TX,78746,227,00275,1608 MIRIAM AVE #B,1608 MIRIAM AVE # B,AUSTIN,TX,78702,227,2,0.0,0.0
32049933412,"TURNKEY VACATION RENTALS, INC.",3006 BEE CAVES RD STE D310,AUSTIN,TX,78746,227,00048,1610 MARGARET ST,1610 MARGARET ST,AUSTIN,TX,78704,227,3,1127.68,1127.68
32049933412,"TURNKEY VACATION RENTALS, INC.",3006 BEE CAVES RD STE D310,AUSTIN,TX,78746,227,00192,1629 WATERSTON AVE UNIT A,1629 WATERSTON AVE UNIT A,AUSTIN,TX,78703,227,2,0.0,0.0
32049933412,"TURNKEY VACATION RENTALS, INC.",3006 BEE CAVES RD STE D310,AUSTIN,TX,78746,227,00201,1701 BROOKHAVEN DR,1701 BROOKHAVEN DR,AUSTIN,TX,78704,227,3,6193.03,6193.03
32049933412,"TURNKEY VACATION RENTALS, INC.",3006 BEE CAVES RD STE D310,AUSTIN,TX,78746,227,00247,"1702 BAUERLE AVE, AUSTIN,TX 78704",1702 BAUERLE AVE,AUSTIN,TX,78704,227,3,0.0,0.0
32049933412,"TURNKEY VACATION RENTALS, INC.",3006 BEE CAVES RD STE D310,AUSTIN,TX,78746,227,00248,"1713 ROSEWOOD AVE, AUSTIN TX 78702",1713 ROSEWOOD AVE,AUSTIN,TX,78702,227,1,1972.06,1972.06
32049933412,"TURNKEY VACATION RENTALS, INC.",3006 BEE CAVES RD STE D310,AUSTIN,TX,78746,227,00249,"1714 BOULDIN AVE, AUSTIN,TX 78704",1714 BOULDIN AVE,AUSTIN,TX,78704,227,2,0.0,0.0
32049933412,"TURNKEY VACATION RENTALS, INC.",3006 BEE CAVES RD STE D310,AUSTIN,TX,78746,227,00200,17143 ROCKY RIDGE ROAD,17143 ROCKY RIDGE RD,AUSTIN,TX,78734,227,3,0.0,0.0
32049933412,"TURNKEY VACATION RENTALS, INC.",3006 BEE CAVES RD STE D310,AUSTIN,TX,78746,227,00198,17145 ROCKY RIDGE ROAD,17145 ROCKY RIDGE RD,AUSTIN,TX,78734,227,2,3287.85,3287.85
32049933412,"TURNKEY VACATION RENTALS, INC.",3006 BEE CAVES RD STE D310,AUSTIN,TX,78746,227,00265,1715 A BLUEBONNET,1715A BLUEBONNET LN,AUSTIN,TX,78704,227,1,1127.65,1127.65
32049933412,"TURNKEY VACATION RENTALS, INC.",3006 BEE CAVES RD STE D310,AUSTIN,TX,78746,227,00250,1715 A BLUEBONNET LN.,1715A BLUEBONNET LN,AUSTIN,TX,78704,227,1,0.0,0.0
32049933412,"TURNKEY VACATION RENTALS, INC.",3006 BEE CAVES RD STE D310,AUSTIN,TX,78746,227,00049,1802 HOLLY ST,1802 HOLLY ST,AUSTIN,TX,78702,227,2,0.0,0.0
32049933412,"TURNKEY VACATION RENTALS, INC.",3006 BEE CAVES RD STE D310,AUSTIN,TX,78746,227,00211,1900 WOODLAND AVE,1900 WOODLAND AVE,AUSTIN,TX,78741,227,4,7768.81,7768.81
32049933412,"TURNKEY VACATION RENTALS, INC.",3006 BEE CAVES RD STE D310,AUSTIN,TX,78746,227,00252,1913 CESAR CHAVEZ ST,1913 E CESAR CHAVEZ ST,AUSTIN,TX,78702,227,2,0.0,0.0
32052153940,EMERSON GUEST PROPERTIES LLC,707 JOSEPHINE ST,AUSTIN,TX,78704,227,00016,1919 FARMHOUSE,2703 S 2ND ST,AUSTIN,TX,78704,227,1,3724.49,3724.49
32049933412,"TURNKEY VACATION RENTALS, INC.",3006 BEE CAVES RD STE D310,AUSTIN,TX,78746,227,00221,2002 ROSEWOOD AVE,2002 ROSEWOOD AVE,AUSTIN,TX,78702,227,5,1206.7,1206.7
32049933412,"TURNKEY VACATION RENTALS, INC.",3006 BEE CAVES RD STE D310,AUSTIN,TX,78746,227,00212,2007 TRAVIS HEIGHTS BLVD,2007 TRAVIS HEIGHTS BLVD,AUSTIN,TX,78704,227,3,2741.21,2741.21
32049933412,"TURNKEY VACATION RENTALS, INC.",3006 BEE CAVES RD STE D310,AUSTIN,TX,78746,227,00050,201 E 4TH ST # 243,201 E 4TH ST APT 243,AUSTIN,TX,78701,227,1,3311.31,3311.31
32049933412,"TURNKEY VACATION RENTALS, INC.",3006 BEE CAVES RD STE D310,AUSTIN,TX,78746,227,00052,201 E 4TH ST # 244,201 E 4TH ST APT 244,AUSTIN,TX,78701,227,3,5607.2,5607.2
32049933412,"TURNKEY VACATION RENTALS, INC.",3006 BEE CAVES RD STE D310,AUSTIN,TX,78746,227,00051,201 E 4TH ST # 246,201 E 4TH ST APT 246,AUSTIN,TX,78701,227,1,75.0,75.0
32049933412,"TURNKEY VACATION RENTALS, INC.",3006 BEE CAVES RD STE D310,AUSTIN,TX,78746,227,00085,201 E 4TH ST 249,201 E 4TH ST APT 249,AUSTIN,TX,78701,227,1,1701.84,1701.84
32049933412,"TURNKEY VACATION RENTALS, INC.",3006 BEE CAVES RD STE D310,AUSTIN,TX,78746,227,00226,2011 HASKELL ST A,2011 HASKELL ST # A,AUSTIN,TX,78702,227,3,2360.59,2360.59
32049933412,"TURNKEY VACATION RENTALS, INC.",3006 BEE CAVES RD STE D310,AUSTIN,TX,78746,227,00227,2011 HASKELL ST B,2011 HASKELL ST # B,AUSTIN,TX,78702,227,2,0.0,0.0
32049933412,"TURNKEY VACATION RENTALS, INC.",3006 BEE CAVES RD STE D310,AUSTIN,TX,78746,227,00053,202 ATTAYAC ST,202 ATTAYAC ST,AUSTIN,TX,78702,227,2,1696.67,1696.67
32049933412,"TURNKEY VACATION RENTALS, INC.",3006 BEE CAVES RD STE D310,AUSTIN,TX,78746,227,00054,203 LELAND,203 LELAND ST,AUSTIN,TX,78704,227,5,7473.5,7473.5
32049933412,"TURNKEY VACATION RENTALS, INC.",3006 BEE CAVES RD STE D310,AUSTIN,TX,78746,227,00055,205 W ELIZABETH ST,205 W ELIZABETH ST,AUSTIN,TX,78704,227,2,3972.72,3972.72
32049933412,"TURNKEY VACATION RENTALS, INC.",3006 BEE CAVES RD STE D310,AUSTIN,TX,78746,227,00056,2108 B KINNEY AVE,2108B KINNEY AVE,AUSTIN,TX,78704,227,2,0.0,0.0
32049933412,"TURNKEY VACATION RENTALS, INC.",3006 BEE CAVES RD STE D310,AUSTIN,TX,78746,227,00228,2116 W 12TH ST,2116 W 12TH ST,AUSTIN,TX,78703,227,3,2857.47,2857.47
32049933412,"TURNKEY VACATION RENTALS, INC.",3006 BEE CAVES RD STE D310,AUSTIN,TX,78746,227,00037,2121 NORTHLAND DR,2121 NORTHLAND DR,AUSTIN,TX,78756,227,2,0.0,0.0
32052324517,JASON MARTIN,2028 E BEN WHITE BLVD STE 240,AUSTIN,TX,78741,227,00003,2205 SANTA RITA,2205 ANTA RITA STREET,AUSTIN,TX,78702,227,6,7450.0,7450.0
32049933412,"TURNKEY VACATION RENTALS, INC.",3006 BEE CAVES RD STE D310,AUSTIN,TX,78746,227,00004,2207 E 8TH STREET,2207 E 8TH ST,AUSTIN,TX,78702,227,3,2577.15,2577.15
32049933412,"TURNKEY VACATION RENTALS, INC.",3006 BEE CAVES RD STE D310,AUSTIN,TX,78746,227,00277,2215 POST RD #1088,2215 POST RD APT 1088,AUSTIN,TX,78704,227,2,1070.2,1070.2
32049933412,"TURNKEY VACATION RENTALS, INC.",3006 BEE CAVES RD STE D310,AUSTIN,TX,78746,227,00253,2303 EASTSIDE DR #121,2303 E SIDE DR APT 121,AUSTIN,TX,78704,227,2,1890.32,1890.32
32049933412,"TURNKEY VACATION RENTALS, INC.",3006 BEE CAVES RD STE D310,AUSTIN,TX,78746,227,00279,2307 E 2ND ST UNIT A,2307 E 2ND ST UNIT A,AUSTIN,TX,78702,227,5,6598.01,6598.01
32049933412,"TURNKEY VACATION RENTALS, INC.",3006 BEE CAVES RD STE D310,AUSTIN,TX,78746,227,00254,2401 E 8TH,2401 E 8TH ST,AUSTIN,TX,78702,227,3,678.3,678.3
32049933412,"TURNKEY VACATION RENTALS, INC.",3006 BEE CAVES RD STE D310,AUSTIN,TX,78746,227,00222,2407 BRYAN ST,2407 BRYAN ST,AUSTIN,TX,78702,227,2,2074.06,2074.06
32049933412,"TURNKEY VACATION RENTALS, INC.",3006 BEE CAVES RD STE D310,AUSTIN,TX,78746,227,00057,2419 FOREST AVE,2419 FOREST AVE,AUSTIN,TX,78704,227,4,1812.14,1812.14
32049933412,"TURNKEY VACATION RENTALS, INC.",3006 BEE CAVES RD STE D310,AUSTIN,TX,78746,227,00256,2520 LONGVIEW ST #301,3006 BEE CAVES RD STE 301,AUSTIN,TX,78746,227,2,0.0,0.0
32049933412,"TURNKEY VACATION RENTALS, INC.",3006 BEE CAVES RD STE D310,AUSTIN,TX,78746,227,00235,2520 LONGVIEW ST #302,2520 LONGVIEW ST STE 302,AUSTIN,TX,78705,227,2,0.0,0.0
32049933412,"TURNKEY VACATION RENTALS, INC.",3006 BEE CAVES RD STE D310,AUSTIN,TX,78746,227,00299,2520 LONGVIEW ST #405,2520 LONGVIEW ST STE 405,AUSTIN,TX,78705,227,4,0.0,0.0
32049933412,"TURNKEY VACATION RENTALS, INC.",3006 BEE CAVES RD STE D310,AUSTIN,TX,78746,227,00237,2520 LONGVIEW ST #406,2520 LONGVIEW ST STE 406,AUSTIN,TX,78705,227,2,0.0,0.0
32049933412,"TURNKEY VACATION RENTALS, INC.",3006 BEE CAVES RD STE D310,AUSTIN,TX,78746,227,00294,2520 LONGVIEW ST UNIT 401,2520 LONGVIEW ST STE 401,AUSTIN,TX,78705,227,2,0.0,0.0
32049933412,"TURNKEY VACATION RENTALS, INC.",3006 BEE CAVES RD STE D310,AUSTIN,TX,78746,227,00296,2520 LONGVIEW ST UNIT 404,2520 LONGVIEW ST STE 404,AUSTIN,TX,78705,227,1,0.0,0.0
32049933412,"TURNKEY VACATION RENTALS, INC.",3006 BEE CAVES RD STE D310,AUSTIN,TX,78746,227,00215,2602 HIDALGO,2602 HIDALGO ST,AUSTIN,TX,78702,227,1,2011.03,2011.03
32049933412,"TURNKEY VACATION RENTALS, INC.",3006 BEE CAVES RD STE D310,AUSTIN,TX,78746,227,00282,2610 OAK HAVEN DR,4544 S LAMAR BLVD BLDG 300,AUSTIN,TX,78745,227,2,1875.39,1875.39
32049933412,"TURNKEY VACATION RENTALS, INC.",3006 BEE CAVES RD STE D310,AUSTIN,TX,78746,227,00229,2716 KINNEY OAKS CT,2716 KINNEY OAKS CT,AUSTIN,TX,78704,227,4,0.0,0.0
32049933412,"TURNKEY VACATION RENTALS, INC.",3006 BEE CAVES RD STE D310,AUSTIN,TX,78746,227,00230,2806 RAE DELL AVE,2806 RAE DELL AVE,AUSTIN,TX,78704,227,3,2243.57,2243.57
32049933412,"TURNKEY VACATION RENTALS, INC.",3006 BEE CAVES RD STE D310,AUSTIN,TX,78746,227,00058,2908 CEDARVIEW,2908 CEDARVIEW DR,AUSTIN,TX,78704,227,3,5721.9,5721.9
32049933412,"TURNKEY VACATION RENTALS, INC.",3006 BEE CAVES RD STE D310,AUSTIN,TX,78746,227,00255,3001 FONTANA DR,3001 FONTANA DR,AUSTIN,TX,78704,227,4,6321.11,6321.11
32049933412,"TURNKEY VACATION RENTALS, INC.",3006 BEE CAVES RD STE D310,AUSTIN,TX,78746,227,00059,301 E 4TH ST # 337,301 E 4TH ST APT 337,AUSTIN,TX,78701,227,2,0.0,0.0
32049933412,"TURNKEY VACATION RENTALS, INC.",3006 BEE CAVES RD STE D310,AUSTIN,TX,78746,227,00006,301 E 4TH STREET #307,301 E 4TH ST APT 307,AUSTIN,TX,78701,227,2,4337.94,4337.94
32049933412,"TURNKEY VACATION RENTALS, INC.",3006 BEE CAVES RD STE D310,AUSTIN,TX,78746,227,00036,301 EAST 4TH STREET #353,301 E 4TH ST APT 353,AUSTIN,TX,78701,227,2,3951.5,3951.5
32049933412,"TURNKEY VACATION RENTALS, INC.",3006 BEE CAVES RD STE D310,AUSTIN,TX,78746,227,00257,303 W ELIZABETH ST UNIT A,303 W ELIZABETH ST UNIT A,AUSTIN,TX,78704,227,4,1294.33,1294.33
32049933412,"TURNKEY VACATION RENTALS, INC.",3006 BEE CAVES RD STE D310,AUSTIN,TX,78746,227,00318,303 W ELIZABETH ST UNIT A,201 E 4TH ST APT 225,AUSTIN,TX,78701,227,5,0.0,0.0
32049933412,"TURNKEY VACATION RENTALS, INC.",3006 BEE CAVES RD STE D310,AUSTIN,TX,78746,227,00258,303 W ELIZABETH ST UNIT B,303 W ELIZABETH ST UNIT B,AUSTIN,TX,78704,227,2,769.27,769.27
32054419943,"6101 MESA, LLC",1011 W ANDERSON LN,AUSTIN,TX,78757,227,00003,3300 FOSTER,4323 PALLADIO DR,AUSTIN,TX,78731,227,3,1950.0,0.0
32049933412,"TURNKEY VACATION RENTALS, INC.",3006 BEE CAVES RD STE D310,AUSTIN,TX,78746,227,00205,3335 FAR VIEW DR,3335 FAR VIEW DR,AUSTIN,TX,78730,227,4,8768.94,8768.94
12023783157,3401 HOTELIERS LP,2000 S INTERSTATE 35 STE Q11,ROUND ROCK,TX,78681,246,00004,3401 HOTELIERS LP,3401 IH35 SOUTH,AUSTIN,TX,78741,227,4,544961.07,508831.87
32049933412,"TURNKEY VACATION RENTALS, INC.",3006 BEE CAVES RD STE D310,AUSTIN,TX,78746,227,00060,3707 MEREDITH ST,3707 MEREDITH ST,AUSTIN,TX,78703,227,4,5253.6,5253.6
32049933412,"TURNKEY VACATION RENTALS, INC.",3006 BEE CAVES RD STE D310,AUSTIN,TX,78746,227,00076,3708 MEREDITH,3708 MEREDITH ST,AUSTIN,TX,78703,227,3,1311.24,1311.24
32049933412,"TURNKEY VACATION RENTALS, INC.",3006 BEE CAVES RD STE D310,AUSTIN,TX,78746,227,00193,3708 MEREDITH STREET UNIT A,3708 MEREDITH ST UNIT A,AUSTIN,TX,78703,227,1,458.0,458.0
32049933412,"TURNKEY VACATION RENTALS, INC.",3006 BEE CAVES RD STE D310,AUSTIN,TX,78746,227,00203,3805 TURKEY CREEK DR,3805 TURKEY CREEK DR,AUSTIN,TX,78730,227,6,7090.5,7090.5
32049933412,"TURNKEY VACATION RENTALS, INC.",3006 BEE CAVES RD STE D310,AUSTIN,TX,78746,227,00286,3924 BALCONES DR,3924 BALCONES DR,AUSTIN,TX,78731,227,4,0.0,0.0
32049933412,"TURNKEY VACATION RENTALS, INC.",3006 BEE CAVES RD STE D310,AUSTIN,TX,78746,227,00287,4012 BERKMAN DR,4012 BERKMAN DR,AUSTIN,TX,78723,227,3,3122.64,3122.64
32049933412,"TURNKEY VACATION RENTALS, INC.",3006 BEE CAVES RD STE D310,AUSTIN,TX,78746,227,00288,4103-1 EAST 12TH ST,4103 E 12TH ST STE 1,AUSTIN,TX,78721,227,2,0.0,0.0
32054419943,"6101 MESA, LLC",1011 W ANDERSON LN,AUSTIN,TX,78757,227,00004,4200 CAT MOUNTAIN,4323 PALLADIO DR,AUSTIN,TX,78731,227,7,14716.3,14716.3
32049933412,"TURNKEY VACATION RENTALS, INC.",3006 BEE CAVES RD STE D310,AUSTIN,TX,78746,227,00260,4206 AVENUE G,4206 AVENUE G,AUSTIN,TX,78751,227,3,3926.3,3926.3
32049933412,"TURNKEY VACATION RENTALS, INC.",3006 BEE CAVES RD STE D310,AUSTIN,TX,78746,227,00061,4209 WILSHIRE,4209 WILSHIRE PKWY,AUSTIN,TX,78722,227,3,567.69,567.69
32043492993,AMANDA K CRIBBS,4202 FLAGSTAFF DR,AUSTIN,TX,78759,227,00011,4302 FLAGSTAFF,4302 FLAGSTAFF DR,AUSTIN,TX,78759,227,4,0.0,0.0
32049933412,"TURNKEY VACATION RENTALS, INC.",3006 BEE CAVES RD STE D310,AUSTIN,TX,78746,227,00261,4303 SPEEDWAY,4303 SPEEDWAY,AUSTIN,TX,78751,227,1,2295.52,2295.52
32049933412,"TURNKEY VACATION RENTALS, INC.",3006 BEE CAVES RD STE D310,AUSTIN,TX,78746,227,00231,5001 SHOALWOOD AVE,5001 SHOALWOOD AVE,AUSTIN,TX,78756,227,2,2134.29,2134.29
32049933412,"TURNKEY VACATION RENTALS, INC.",3006 BEE CAVES RD STE D310,AUSTIN,TX,78746,227,00003,514 BOULDIN AVE,514 BOULDIN AVE,AUSTIN,TX,78704,227,3,5776.93,5776.93
32049933412,"TURNKEY VACATION RENTALS, INC.",3006 BEE CAVES RD STE D310,AUSTIN,TX,78746,227,00064,515 E MONROE,515 E MONROE ST,AUSTIN,TX,78704,227,3,3250.09,3250.09
32049933412,"TURNKEY VACATION RENTALS, INC.",3006 BEE CAVES RD STE D310,AUSTIN,TX,78746,227,00065,5309 VALBURN CIR B,5309 VALBURN CIR # B,AUSTIN,TX,78731,227,2,8601.33,8601.33
32052153940,EMERSON GUEST PROPERTIES LLC,707 JOSEPHINE ST,AUSTIN,TX,78704,227,00022,6TH STREET SKYLINE,1106 W 6TH ST APT 205,AUSTIN,TX,78703,227,1,3159.61,3159.61
32049933412,"TURNKEY VACATION RENTALS, INC.",3006 BEE CAVES RD STE D310,AUSTIN,TX,78746,227,00066,603 BARTON BLVD,603 BARTON BLVD,AUSTIN,TX,78704,227,5,7725.64,7725.64
32049933412,"TURNKEY VACATION RENTALS, INC.",3006 BEE CAVES RD STE D310,AUSTIN,TX,78746,227,00194,607 HARTHAN ST,607 HARTHAN ST,AUSTIN,TX,78703,227,3,3589.0,3589.0
32049933412,"TURNKEY VACATION RENTALS, INC.",3006 BEE CAVES RD STE D310,AUSTIN,TX,78746,227,00213,609 HARTHAN ST,609 HARTHAN ST,AUSTIN,TX,78703,227,3,3650.85,3650.85
32054419943,"6101 MESA, LLC",1011 W ANDERSON LN,AUSTIN,TX,78757,227,00002,6101 MESA,1011 W ANDERSON LN,AUSTIN,TX,78757,227,6,22312.24,22312.24
32049933412,"TURNKEY VACATION RENTALS, INC.",3006 BEE CAVES RD STE D310,AUSTIN,TX,78746,227,00067,612 W MONROE ST,612 W MONROE ST,AUSTIN,TX,78704,227,2,509.04,509.04
32052324517,JASON MARTIN,2028 E BEN WHITE BLVD STE 240,AUSTIN,TX,78741,227,00002,63 LYNN,63 LYNN ST,AUSTIN,TX,78702,227,5,10099.67,10099.67
32049933412,"TURNKEY VACATION RENTALS, INC.",3006 BEE CAVES RD STE D310,AUSTIN,TX,78746,227,00034,701 ROBERT E. LEE #A,701 ROBERT E LEE RD # A,AUSTIN,TX,78704,227,3,3986.69,3986.69
32049933412,"TURNKEY VACATION RENTALS, INC.",3006 BEE CAVES RD STE D310,AUSTIN,TX,78746,227,00079,712 JOHANNA B,712 W JOHANNA ST APT B,AUSTIN,TX,78704,227,1,0.0,0.0
32049933412,"TURNKEY VACATION RENTALS, INC.",3006 BEE CAVES RD STE D310,AUSTIN,TX,78746,227,00083,7685 NORTHCROSS #808,7685 NORTHCROSS DR UNIT 808,AUSTIN,TX,78757,227,2,0.0,0.0
32049933412,"TURNKEY VACATION RENTALS, INC.",3006 BEE CAVES RD STE D310,AUSTIN,TX,78746,227,00068,802 S LAMAR,802 S LAMAR BLVD,AUSTIN,TX,78704,227,1,3307.58,3307.58
32049933412,"TURNKEY VACATION RENTALS, INC.",3006 BEE CAVES RD STE D310,AUSTIN,TX,78746,227,00091,805 KING EDWARD PLACE,805 KING EDWARD PL,AUSTIN,TX,78745,227,2,3211.72,3211.72
32049933412,"TURNKEY VACATION RENTALS, INC.",3006 BEE CAVES RD STE D310,AUSTIN,TX,78746,227,00197,901 W MARY ST,901 W MARY ST,AUSTIN,TX,78704,227,3,2579.96,2579.96
32049933412,"TURNKEY VACATION RENTALS, INC.",3006 BEE CAVES RD STE D310,AUSTIN,TX,78746,227,00292,903 W 18TH ST GUEST,903 W 18TH ST STE GUEST,AUSTIN,TX,78701,227,2,2490.05,2490.05
32049933412,"TURNKEY VACATION RENTALS, INC.",3006 BEE CAVES RD STE D310,AUSTIN,TX,78746,227,00293,903 W 18TH ST MAIN,903 W 18TH ST STE MAIN,AUSTIN,TX,78701,227,2,0.0,0.0
32049933412,"TURNKEY VACATION RENTALS, INC.",3006 BEE CAVES RD STE D310,AUSTIN,TX,78746,227,00092,905 WEST ANNIE ST,905 W ANNIE ST,AUSTIN,TX,78704,227,2,5082.13,5082.13
32049933412,"TURNKEY VACATION RENTALS, INC.",3006 BEE CAVES RD STE D310,AUSTIN,TX,78746,227,00263,907 E LIVE OAK UNIT 1,907 E LIVE OAK ST UNIT 1,AUSTIN,TX,78704,227,1,2027.41,2027.41
32049933412,"TURNKEY VACATION RENTALS, INC.",3006 BEE CAVES RD STE D310,AUSTIN,TX,78746,227,00234,907 E LIVE UNIT 2,907 E LIVE OAK ST # 2,AUSTIN,TX,78704,227,3,2784.67,2784.67
32049933412,"TURNKEY VACATION RENTALS, INC.",3006 BEE CAVES RD STE D310,AUSTIN,TX,78746,227,00069,910 DANIEL,910 DANIEL DR,AUSTIN,TX,78704,227,2,2049.66,2049.66
